ISO-10303-21;
HEADER;
/* Generated by software containing ST-Developer
 * from STEP Tools, Inc. (www.steptools.com) 
 */
/* OPTION: using custom renumber hook */

FILE_DESCRIPTION(
/* description */ ('STEP AP242 Edition 2',
'CAx-IF Rec.Pracs.---Representation and Presentation of Product Manufa
cturing Information (PMI)---4.0---2014-10-13',
'CAx-IF Rec.Pracs.---3D Tessellated Geometry---0.4---2014-09-14','2;1',
'CAx-IF Rec.Pracs.---User Defined Attributes---1.5---2016-08-15'),
/* implementation_level */ '2;1');

FILE_NAME(
/* name */ 'OMX-AI_D405_Camera_Frame - OMX-AI_D405_Camera_Frame',
/* time_stamp */ '2026-09-15T10:38:50Z',
/* author */ (''),
/* organization */ (''),
/* preprocessor_version */ 'ST-DEVELOPER v20',
/* originating_system */ 'ONSHAPE BY PTC INC, 1.220',
/* authorisation */ '  ');

FILE_SCHEMA (('AP242_MANAGED_MODEL_BASED_3D_ENGINEERING_MIM_LF { 1 0 10303 442 3 1 4 }'));
ENDSEC;

DATA;
#10=SHAPE_REPRESENTATION_RELATIONSHIP('','',#1471,#11);
#11=ADVANCED_BREP_SHAPE_REPRESENTATION('',(#1469),#2789);
#12=SPHERICAL_SURFACE('',#1622,0.0005);
#13=SPHERICAL_SURFACE('',#1629,0.0005);
#14=SPHERICAL_SURFACE('',#1631,0.0005);
#15=SPHERICAL_SURFACE('',#1636,0.0005);
#16=(
BOUNDED_SURFACE()
B_SPLINE_SURFACE(3,2,((#2596,#2597,#2598),(#2599,#2600,#2601),(#2602,#2603,
#2604),(#2605,#2606,#2607)),.UNSPECIFIED.,.F.,.F.,.F.)
B_SPLINE_SURFACE_WITH_KNOTS((4,4),(3,3),(0.927287933029557,1.5707963267949),
(0.,1.),.PIECEWISE_BEZIER_KNOTS.)
GEOMETRIC_REPRESENTATION_ITEM()
RATIONAL_B_SPLINE_SURFACE(((1.,0.80622667841644,1.),(1.,0.779621051729926,
1.),(1.,0.745025884632633,1.),(1.,0.707106781186551,1.)))
REPRESENTATION_ITEM('')
SURFACE()
);
#17=(
BOUNDED_SURFACE()
B_SPLINE_SURFACE(3,2,((#2617,#2618,#2619),(#2620,#2621,#2622),(#2623,#2624,
#2625),(#2626,#2627,#2628)),.UNSPECIFIED.,.F.,.F.,.F.)
B_SPLINE_SURFACE_WITH_KNOTS((4,4),(3,3),(4.71238898038469,5.35589737412875),
(0.,1.),.PIECEWISE_BEZIER_KNOTS.)
GEOMETRIC_REPRESENTATION_ITEM()
RATIONAL_B_SPLINE_SURFACE(((1.,0.707106781186552,1.),(1.,0.745025884631609,
1.),(1.,0.779621051727964,1.),(1.,0.806226678413801,1.)))
REPRESENTATION_ITEM('')
SURFACE()
);
#18=(
BOUNDED_SURFACE()
B_SPLINE_SURFACE(3,2,((#2645,#2646,#2647),(#2648,#2649,#2650),(#2651,#2652,
#2653),(#2654,#2655,#2656),(#2657,#2658,#2659),(#2660,#2661,#2662),(#2663,
#2664,#2665),(#2666,#2667,#2668),(#2669,#2670,#2671)),.UNSPECIFIED.,.F.,
 .F.,.F.)
B_SPLINE_SURFACE_WITH_KNOTS((4,1,1,1,1,1,4),(3,3),(-3.46944695195361E-18,
0.00163508288908051,0.00245262433362076,0.00327016577816102,0.00490524866724153,
0.00572279011178179,0.00654033155632204),(0.,1.),.UNSPECIFIED.)
GEOMETRIC_REPRESENTATION_ITEM()
RATIONAL_B_SPLINE_SURFACE(((1.,0.707106781186548,1.),(1.,0.707106781186548,
1.),(1.,0.707106781186547,1.),(1.,0.707106781186548,1.),(1.,0.707106781186547,
1.),(1.,0.707106781186551,1.),(1.,0.707106781186546,1.),(1.,0.70710678118655,
1.),(1.,0.70710678118655,1.)))
REPRESENTATION_ITEM('')
SURFACE()
);
#19=(
BOUNDED_SURFACE()
B_SPLINE_SURFACE(3,2,((#2688,#2689,#2690),(#2691,#2692,#2693),(#2694,#2695,
#2696),(#2697,#2698,#2699),(#2700,#2701,#2702),(#2703,#2704,#2705),(#2706,
#2707,#2708),(#2709,#2710,#2711),(#2712,#2713,#2714),(#2715,#2716,#2717)),
 .UNSPECIFIED.,.F.,.F.,.F.)
B_SPLINE_SURFACE_WITH_KNOTS((4,1,1,1,1,1,1,4),(3,3),(-1.7347234759768E-18,
0.000933196508410698,0.0018663930168214,0.0027995895252321,0.0037327860336428,
0.0046659825420535,0.0055991790504642,0.0074655720672856),(0.,1.),
 .UNSPECIFIED.)
GEOMETRIC_REPRESENTATION_ITEM()
RATIONAL_B_SPLINE_SURFACE(((1.,0.707106781186548,1.),(1.,0.707106781186548,
1.),(1.,0.707106781186547,1.),(1.,0.707106781186548,1.),(1.,0.707106781186548,
1.),(1.,0.707106781186548,1.),(1.,0.707106781186548,1.),(1.,0.707106781186547,
1.),(1.,0.707106781186548,1.),(1.,0.707106781186548,1.)))
REPRESENTATION_ITEM('')
SURFACE()
);
#20=(
BOUNDED_SURFACE()
B_SPLINE_SURFACE(3,2,((#2722,#2723,#2724),(#2725,#2726,#2727),(#2728,#2729,
#2730),(#2731,#2732,#2733),(#2734,#2735,#2736),(#2737,#2738,#2739),(#2740,
#2741,#2742)),.UNSPECIFIED.,.F.,.F.,.F.)
B_SPLINE_SURFACE_WITH_KNOTS((4,1,1,1,4),(3,3),(0.,0.00161260682770873,0.00322521365541746,
0.00483782048312618,0.00645042731083491),(0.,1.),.UNSPECIFIED.)
GEOMETRIC_REPRESENTATION_ITEM()
RATIONAL_B_SPLINE_SURFACE(((1.,0.70710678118655,1.),(1.,0.70710678118655,
1.),(1.,0.707106781186547,1.),(1.,0.707106781186547,1.),(1.,0.707106781186548,
1.),(1.,0.707106781186548,1.),(1.,0.707106781186548,1.)))
REPRESENTATION_ITEM('')
SURFACE()
);
#21=(
BOUNDED_SURFACE()
B_SPLINE_SURFACE(3,2,((#2757,#2758,#2759),(#2760,#2761,#2762),(#2763,#2764,
#2765),(#2766,#2767,#2768),(#2769,#2770,#2771),(#2772,#2773,#2774),(#2775,
#2776,#2777),(#2778,#2779,#2780),(#2781,#2782,#2783),(#2784,#2785,#2786)),
 .UNSPECIFIED.,.F.,.F.,.F.)
B_SPLINE_SURFACE_WITH_KNOTS((4,1,1,1,1,1,1,4),(3,3),(0.,0.00093319650841069,
0.00186639301682138,0.00279958952523207,0.00373278603364276,0.00466598254205345,
0.00559917905046414,0.00746557206728552),(0.,1.),.UNSPECIFIED.)
GEOMETRIC_REPRESENTATION_ITEM()
RATIONAL_B_SPLINE_SURFACE(((1.,0.707106781186548,1.),(1.,0.707106781186548,
1.),(1.,0.707106781186547,1.),(1.,0.707106781186548,1.),(1.,0.707106781186547,
1.),(1.,0.707106781186548,1.),(1.,0.707106781186548,1.),(1.,0.707106781186547,
1.),(1.,0.707106781186548,1.),(1.,0.707106781186548,1.)))
REPRESENTATION_ITEM('')
SURFACE()
);
#22=TOROIDAL_SURFACE('',#1579,0.0035,0.0005);
#23=TOROIDAL_SURFACE('',#1581,0.0035,0.0005);
#24=TOROIDAL_SURFACE('',#1587,0.0035,0.0005);
#25=TOROIDAL_SURFACE('',#1589,0.0035,0.0005);
#26=TOROIDAL_SURFACE('',#1595,0.0035,0.0005);
#27=TOROIDAL_SURFACE('',#1597,0.0035,0.0005);
#28=TOROIDAL_SURFACE('',#1603,0.0035,0.0005);
#29=TOROIDAL_SURFACE('',#1605,0.0035,0.0005);
#30=TOROIDAL_SURFACE('',#1608,0.0015,0.0005);
#31=TOROIDAL_SURFACE('',#1616,0.0015,0.0005);
#32=TOROIDAL_SURFACE('',#1633,0.0015,0.0005);
#33=TOROIDAL_SURFACE('',#1639,0.0015,0.0005);
#34=ELLIPSE('',#1546,0.00115470053837918,0.001);
#35=ELLIPSE('',#1547,0.00115470053837918,0.001);
#36=ELLIPSE('',#1555,0.000577350269189632,0.0005);
#37=ELLIPSE('',#1556,0.000577350269189632,0.0005);
#38=ELLIPSE('',#1557,0.00057735026918959,0.0005);
#39=ELLIPSE('',#1558,0.00057735026918959,0.0005);
#40=ELLIPSE('',#1573,0.000763762615825866,0.0005);
#41=ELLIPSE('',#1575,0.000763762615825866,0.0005);
#42=CIRCLE('',#1476,0.001);
#43=CIRCLE('',#1477,0.001);
#44=CIRCLE('',#1479,0.001);
#45=CIRCLE('',#1480,0.001);
#46=CIRCLE('',#1482,0.003);
#47=CIRCLE('',#1483,0.003);
#48=CIRCLE('',#1486,0.003);
#49=CIRCLE('',#1487,0.003);
#50=CIRCLE('',#1490,0.003);
#51=CIRCLE('',#1491,0.003);
#52=CIRCLE('',#1494,0.003);
#53=CIRCLE('',#1495,0.003);
#54=CIRCLE('',#1497,0.003);
#55=CIRCLE('',#1498,0.003);
#56=CIRCLE('',#1501,0.003);
#57=CIRCLE('',#1502,0.003);
#58=CIRCLE('',#1505,0.003);
#59=CIRCLE('',#1506,0.003);
#60=CIRCLE('',#1509,0.003);
#61=CIRCLE('',#1510,0.003);
#62=CIRCLE('',#1512,0.0018);
#63=CIRCLE('',#1513,0.0018);
#64=CIRCLE('',#1515,0.0018);
#65=CIRCLE('',#1516,0.0018);
#66=CIRCLE('',#1521,0.0035);
#67=CIRCLE('',#1522,0.0035);
#68=CIRCLE('',#1523,0.0035);
#69=CIRCLE('',#1524,0.0035);
#70=CIRCLE('',#1525,0.0035);
#71=CIRCLE('',#1526,0.0035);
#72=CIRCLE('',#1527,0.0035);
#73=CIRCLE('',#1528,0.0035);
#74=CIRCLE('',#1529,0.0015);
#75=CIRCLE('',#1530,0.0015);
#76=CIRCLE('',#1534,0.002);
#77=CIRCLE('',#1535,0.002);
#78=CIRCLE('',#1538,0.002);
#79=CIRCLE('',#1539,0.002);
#80=CIRCLE('',#1542,0.0012);
#81=CIRCLE('',#1543,0.0012);
#82=CIRCLE('',#1544,0.0012);
#83=CIRCLE('',#1545,0.00165);
#84=CIRCLE('',#1548,0.0015);
#85=CIRCLE('',#1549,0.0015);
#86=CIRCLE('',#1551,0.0012);
#87=CIRCLE('',#1552,0.0012);
#88=CIRCLE('',#1553,0.0012);
#89=CIRCLE('',#1554,0.00165);
#90=CIRCLE('',#1566,0.0005);
#91=CIRCLE('',#1568,0.0005);
#92=CIRCLE('',#1570,0.0005);
#93=CIRCLE('',#1571,0.0005);
#94=CIRCLE('',#1577,0.0005);
#95=CIRCLE('',#1578,0.0005);
#96=CIRCLE('',#1580,0.0005);
#97=CIRCLE('',#1582,0.0005);
#98=CIRCLE('',#1584,0.0005);
#99=CIRCLE('',#1586,0.0005);
#100=CIRCLE('',#1588,0.0005);
#101=CIRCLE('',#1590,0.0005);
#102=CIRCLE('',#1593,0.0005);
#103=CIRCLE('',#1594,0.0005);
#104=CIRCLE('',#1596,0.0005);
#105=CIRCLE('',#1598,0.0005);
#106=CIRCLE('',#1600,0.0005);
#107=CIRCLE('',#1602,0.0005);
#108=CIRCLE('',#1604,0.0005);
#109=CIRCLE('',#1606,0.0005);
#110=CIRCLE('',#1609,0.0005);
#111=CIRCLE('',#1610,0.0005);
#112=CIRCLE('',#1612,0.0005);
#113=CIRCLE('',#1614,0.0005);
#114=CIRCLE('',#1615,0.0005);
#115=CIRCLE('',#1617,0.0005);
#116=CIRCLE('',#1619,0.0005);
#117=CIRCLE('',#1621,0.0005);
#118=CIRCLE('',#1623,0.0005);
#119=CIRCLE('',#1624,0.0005);
#120=CIRCLE('',#1626,0.0005);
#121=CIRCLE('',#1628,0.0005);
#122=CIRCLE('',#1630,0.0005);
#123=CIRCLE('',#1632,0.0005);
#124=CIRCLE('',#1635,0.0005);
#125=CIRCLE('',#1637,0.0005);
#126=CYLINDRICAL_SURFACE('',#1475,0.001);
#127=CYLINDRICAL_SURFACE('',#1478,0.001);
#128=CYLINDRICAL_SURFACE('',#1481,0.003);
#129=CYLINDRICAL_SURFACE('',#1485,0.003);
#130=CYLINDRICAL_SURFACE('',#1489,0.003);
#131=CYLINDRICAL_SURFACE('',#1493,0.003);
#132=CYLINDRICAL_SURFACE('',#1496,0.003);
#133=CYLINDRICAL_SURFACE('',#1500,0.003);
#134=CYLINDRICAL_SURFACE('',#1504,0.003);
#135=CYLINDRICAL_SURFACE('',#1508,0.003);
#136=CYLINDRICAL_SURFACE('',#1511,0.0018);
#137=CYLINDRICAL_SURFACE('',#1514,0.0018);
#138=CYLINDRICAL_SURFACE('',#1533,0.002);
#139=CYLINDRICAL_SURFACE('',#1537,0.002);
#140=CYLINDRICAL_SURFACE('',#1559,0.00165);
#141=CYLINDRICAL_SURFACE('',#1560,0.0012);
#142=CYLINDRICAL_SURFACE('',#1561,0.0012);
#143=CYLINDRICAL_SURFACE('',#1562,0.0012);
#144=CYLINDRICAL_SURFACE('',#1565,0.0005);
#145=CYLINDRICAL_SURFACE('',#1567,0.0005);
#146=CYLINDRICAL_SURFACE('',#1569,0.0005);
#147=CYLINDRICAL_SURFACE('',#1572,0.0005);
#148=CYLINDRICAL_SURFACE('',#1574,0.0005);
#149=CYLINDRICAL_SURFACE('',#1576,0.0005);
#150=CYLINDRICAL_SURFACE('',#1583,0.0005);
#151=CYLINDRICAL_SURFACE('',#1585,0.0005);
#152=CYLINDRICAL_SURFACE('',#1591,0.0005);
#153=CYLINDRICAL_SURFACE('',#1592,0.0005);
#154=CYLINDRICAL_SURFACE('',#1599,0.0005);
#155=CYLINDRICAL_SURFACE('',#1601,0.0005);
#156=CYLINDRICAL_SURFACE('',#1607,0.0005);
#157=CYLINDRICAL_SURFACE('',#1611,0.0005);
#158=CYLINDRICAL_SURFACE('',#1613,0.0005);
#159=CYLINDRICAL_SURFACE('',#1618,0.0005);
#160=CYLINDRICAL_SURFACE('',#1620,0.0005);
#161=CYLINDRICAL_SURFACE('',#1625,0.0005);
#162=CYLINDRICAL_SURFACE('',#1627,0.0005);
#163=CYLINDRICAL_SURFACE('',#1634,0.0005);
#164=CYLINDRICAL_SURFACE('',#1638,0.0005);
#165=CYLINDRICAL_SURFACE('',#1640,0.0005);
#166=CYLINDRICAL_SURFACE('',#1641,0.0005);
#167=CYLINDRICAL_SURFACE('',#1642,0.0005);
#168=PLANE('',#1473);
#169=PLANE('',#1474);
#170=PLANE('',#1484);
#171=PLANE('',#1488);
#172=PLANE('',#1492);
#173=PLANE('',#1499);
#174=PLANE('',#1503);
#175=PLANE('',#1507);
#176=PLANE('',#1517);
#177=PLANE('',#1518);
#178=PLANE('',#1519);
#179=PLANE('',#1520);
#180=PLANE('',#1531);
#181=PLANE('',#1532);
#182=PLANE('',#1536);
#183=PLANE('',#1540);
#184=PLANE('',#1541);
#185=PLANE('',#1550);
#186=PLANE('',#1563);
#187=PLANE('',#1564);
#188=B_SPLINE_CURVE_WITH_KNOTS('',3,(#2095,#2096,#2097,#2098,#2099,#2100,
#2101),.UNSPECIFIED.,.F.,.F.,(4,1,1,1,4),(0.,0.002063050509749,0.004126101019498,
0.006189151529247,0.008252202038996),.UNSPECIFIED.);
#189=B_SPLINE_CURVE_WITH_KNOTS('',3,(#2105,#2106,#2107,#2108,#2109,#2110,
#2111),.UNSPECIFIED.,.F.,.F.,(4,1,1,1,4),(0.,0.00205508106594987,0.00411016213189974,
0.00616524319784961,0.00822032426379948),.UNSPECIFIED.);
#190=B_SPLINE_CURVE_WITH_KNOTS('',3,(#2135,#2136,#2137,#2138,#2139,#2140,
#2141),.UNSPECIFIED.,.F.,.F.,(4,1,1,1,4),(0.,0.00206305050974897,0.00412610101949793,
0.0061891515292469,0.00825220203899587),.UNSPECIFIED.);
#191=B_SPLINE_CURVE_WITH_KNOTS('',3,(#2142,#2143,#2144,#2145,#2146,#2147,
#2148),.UNSPECIFIED.,.F.,.F.,(4,1,1,1,4),(0.,0.00205508106594987,0.00411016213189973,
0.0061652431978496,0.00822032426379947),.UNSPECIFIED.);
#192=B_SPLINE_CURVE_WITH_KNOTS('',3,(#2172,#2173,#2174,#2175,#2176,#2177,
#2178),.UNSPECIFIED.,.F.,.F.,(4,1,1,1,4),(-5.99999999995814E-8,0.00179995906321458,
0.00359997812642915,0.00539999718964373,0.0072000162528583),
 .UNSPECIFIED.);
#193=B_SPLINE_CURVE_WITH_KNOTS('',3,(#2179,#2180,#2181,#2182,#2183,#2184,
#2185),.UNSPECIFIED.,.F.,.F.,(4,1,1,1,4),(0.,0.00181862882364221,0.00363725764728441,
0.00545588647092662,0.00727451529456882),.UNSPECIFIED.);
#194=B_SPLINE_CURVE_WITH_KNOTS('',3,(#2193,#2194,#2195,#2196),
 .UNSPECIFIED.,.F.,.F.,(4,4),(0.,9.737690761507E-6),.UNSPECIFIED.);
#195=B_SPLINE_CURVE_WITH_KNOTS('',3,(#2205,#2206,#2207,#2208),
 .UNSPECIFIED.,.F.,.F.,(4,4),(0.,9.73768560237587E-6),.UNSPECIFIED.);
#196=B_SPLINE_CURVE_WITH_KNOTS('',3,(#2228,#2229,#2230,#2231,#2232,#2233,
#2234),.UNSPECIFIED.,.F.,.F.,(4,1,1,1,4),(0.,0.00182563519277017,0.00365127038554035,
0.00547690557831052,0.00730254077108069),.UNSPECIFIED.);
#197=B_SPLINE_CURVE_WITH_KNOTS('',3,(#2235,#2236,#2237,#2238,#2239,#2240,
#2241),.UNSPECIFIED.,.F.,.F.,(4,1,1,1,4),(0.000948905305554453,0.00276676004511571,
0.00458461478467696,0.00640246952423822,0.00822032426379947),
 .UNSPECIFIED.);
#198=B_SPLINE_CURVE_WITH_KNOTS('',3,(#2391,#2392,#2393,#2394,#2395,#2396,
#2397),.UNSPECIFIED.,.F.,.F.,(4,1,1,1,4),(0.,0.00162724326633416,0.00325448653266831,
0.00488172979900247,0.00650897306533662),.UNSPECIFIED.);
#199=B_SPLINE_CURVE_WITH_KNOTS('',3,(#2401,#2402,#2403,#2404,#2405,#2406,
#2407),.UNSPECIFIED.,.F.,.F.,(4,1,1,1,4),(0.,0.0018719086412807,0.0037438172825614,
0.00561572592384209,0.00748763456512279),.UNSPECIFIED.);
#200=B_SPLINE_CURVE_WITH_KNOTS('',3,(#2411,#2412,#2413,#2414,#2415,#2416,
#2417),.UNSPECIFIED.,.F.,.F.,(4,1,1,1,4),(0.,0.00187190864128071,0.00374381728256142,
0.00561572592384213,0.00748763456512284),.UNSPECIFIED.);
#201=B_SPLINE_CURVE_WITH_KNOTS('',3,(#2421,#2422,#2423,#2424,#2425,#2426,
#2427),.UNSPECIFIED.,.F.,.F.,(4,1,1,1,4),(0.,0.00164246716908665,0.00328493433817329,
0.00492740150725994,0.00656986867634658),.UNSPECIFIED.);
#202=B_SPLINE_CURVE_WITH_KNOTS('',3,(#2540,#2541,#2542,#2543),
 .UNSPECIFIED.,.F.,.F.,(4,4),(0.,0.000270073504509421),.UNSPECIFIED.);
#203=B_SPLINE_CURVE_WITH_KNOTS('',3,(#2546,#2547,#2548,#2549),
 .UNSPECIFIED.,.F.,.F.,(4,4),(0.,0.000269116983200903),.UNSPECIFIED.);
#204=B_SPLINE_CURVE_WITH_KNOTS('',3,(#2639,#2640,#2641,#2642),
 .UNSPECIFIED.,.F.,.F.,(4,4),(0.,1.),.UNSPECIFIED.);
#205=B_SPLINE_CURVE_WITH_KNOTS('',3,(#2672,#2673,#2674,#2675),
 .UNSPECIFIED.,.F.,.F.,(4,4),(0.,1.),.UNSPECIFIED.);
#206=B_SPLINE_CURVE_WITH_KNOTS('',3,(#2679,#2680,#2681,#2682),
 .UNSPECIFIED.,.F.,.F.,(4,4),(0.,1.),.UNSPECIFIED.);
#207=B_SPLINE_CURVE_WITH_KNOTS('',3,(#2684,#2685,#2686,#2687),
 .UNSPECIFIED.,.F.,.F.,(4,4),(0.,1.),.UNSPECIFIED.);
#208=B_SPLINE_CURVE_WITH_KNOTS('',3,(#2718,#2719,#2720,#2721),
 .UNSPECIFIED.,.F.,.F.,(4,4),(0.,1.),.UNSPECIFIED.);
#209=B_SPLINE_CURVE_WITH_KNOTS('',3,(#2743,#2744,#2745,#2746),
 .UNSPECIFIED.,.F.,.F.,(4,4),(0.,1.),.UNSPECIFIED.);
#210=B_SPLINE_CURVE_WITH_KNOTS('',3,(#2748,#2749,#2750,#2751),
 .UNSPECIFIED.,.F.,.F.,(4,4),(0.,1.),.UNSPECIFIED.);
#211=B_SPLINE_CURVE_WITH_KNOTS('',3,(#2753,#2754,#2755,#2756),
 .UNSPECIFIED.,.F.,.F.,(4,4),(0.,1.),.UNSPECIFIED.);
#212=ORIENTED_EDGE('',*,*,#628,.F.);
#213=ORIENTED_EDGE('',*,*,#629,.T.);
#214=ORIENTED_EDGE('',*,*,#630,.T.);
#215=ORIENTED_EDGE('',*,*,#631,.T.);
#216=ORIENTED_EDGE('',*,*,#632,.F.);
#217=ORIENTED_EDGE('',*,*,#633,.T.);
#218=ORIENTED_EDGE('',*,*,#628,.T.);
#219=ORIENTED_EDGE('',*,*,#634,.T.);
#220=ORIENTED_EDGE('',*,*,#635,.F.);
#221=ORIENTED_EDGE('',*,*,#636,.T.);
#222=ORIENTED_EDGE('',*,*,#632,.T.);
#223=ORIENTED_EDGE('',*,*,#637,.T.);
#224=ORIENTED_EDGE('',*,*,#638,.F.);
#225=ORIENTED_EDGE('',*,*,#639,.T.);
#226=ORIENTED_EDGE('',*,*,#635,.T.);
#227=ORIENTED_EDGE('',*,*,#640,.T.);
#228=ORIENTED_EDGE('',*,*,#641,.F.);
#229=ORIENTED_EDGE('',*,*,#642,.T.);
#230=ORIENTED_EDGE('',*,*,#638,.T.);
#231=ORIENTED_EDGE('',*,*,#643,.T.);
#232=ORIENTED_EDGE('',*,*,#644,.T.);
#233=ORIENTED_EDGE('',*,*,#645,.T.);
#234=ORIENTED_EDGE('',*,*,#641,.T.);
#235=ORIENTED_EDGE('',*,*,#646,.F.);
#236=ORIENTED_EDGE('',*,*,#647,.T.);
#237=ORIENTED_EDGE('',*,*,#648,.F.);
#238=ORIENTED_EDGE('',*,*,#649,.T.);
#239=ORIENTED_EDGE('',*,*,#650,.T.);
#240=ORIENTED_EDGE('',*,*,#651,.T.);
#241=ORIENTED_EDGE('',*,*,#652,.F.);
#242=ORIENTED_EDGE('',*,*,#653,.F.);
#243=ORIENTED_EDGE('',*,*,#654,.T.);
#244=ORIENTED_EDGE('',*,*,#648,.T.);
#245=ORIENTED_EDGE('',*,*,#655,.T.);
#246=ORIENTED_EDGE('',*,*,#656,.F.);
#247=ORIENTED_EDGE('',*,*,#657,.T.);
#248=ORIENTED_EDGE('',*,*,#658,.T.);
#249=ORIENTED_EDGE('',*,*,#659,.F.);
#250=ORIENTED_EDGE('',*,*,#660,.F.);
#251=ORIENTED_EDGE('',*,*,#661,.T.);
#252=ORIENTED_EDGE('',*,*,#656,.T.);
#253=ORIENTED_EDGE('',*,*,#662,.T.);
#254=ORIENTED_EDGE('',*,*,#663,.F.);
#255=ORIENTED_EDGE('',*,*,#664,.T.);
#256=ORIENTED_EDGE('',*,*,#660,.T.);
#257=ORIENTED_EDGE('',*,*,#665,.F.);
#258=ORIENTED_EDGE('',*,*,#666,.F.);
#259=ORIENTED_EDGE('',*,*,#667,.T.);
#260=ORIENTED_EDGE('',*,*,#663,.T.);
#261=ORIENTED_EDGE('',*,*,#668,.T.);
#262=ORIENTED_EDGE('',*,*,#669,.F.);
#263=ORIENTED_EDGE('',*,*,#670,.T.);
#264=ORIENTED_EDGE('',*,*,#666,.T.);
#265=ORIENTED_EDGE('',*,*,#671,.F.);
#266=ORIENTED_EDGE('',*,*,#672,.F.);
#267=ORIENTED_EDGE('',*,*,#673,.T.);
#268=ORIENTED_EDGE('',*,*,#669,.T.);
#269=ORIENTED_EDGE('',*,*,#674,.F.);
#270=ORIENTED_EDGE('',*,*,#675,.F.);
#271=ORIENTED_EDGE('',*,*,#676,.T.);
#272=ORIENTED_EDGE('',*,*,#672,.T.);
#273=ORIENTED_EDGE('',*,*,#677,.F.);
#274=ORIENTED_EDGE('',*,*,#678,.F.);
#275=ORIENTED_EDGE('',*,*,#679,.T.);
#276=ORIENTED_EDGE('',*,*,#680,.T.);
#277=ORIENTED_EDGE('',*,*,#681,.F.);
#278=ORIENTED_EDGE('',*,*,#682,.F.);
#279=ORIENTED_EDGE('',*,*,#683,.T.);
#280=ORIENTED_EDGE('',*,*,#678,.T.);
#281=ORIENTED_EDGE('',*,*,#684,.T.);
#282=ORIENTED_EDGE('',*,*,#685,.F.);
#283=ORIENTED_EDGE('',*,*,#686,.T.);
#284=ORIENTED_EDGE('',*,*,#682,.T.);
#285=ORIENTED_EDGE('',*,*,#687,.F.);
#286=ORIENTED_EDGE('',*,*,#688,.F.);
#287=ORIENTED_EDGE('',*,*,#689,.T.);
#288=ORIENTED_EDGE('',*,*,#685,.T.);
#289=ORIENTED_EDGE('',*,*,#690,.T.);
#290=ORIENTED_EDGE('',*,*,#691,.F.);
#291=ORIENTED_EDGE('',*,*,#692,.T.);
#292=ORIENTED_EDGE('',*,*,#688,.T.);
#293=ORIENTED_EDGE('',*,*,#693,.F.);
#294=ORIENTED_EDGE('',*,*,#694,.F.);
#295=ORIENTED_EDGE('',*,*,#695,.T.);
#296=ORIENTED_EDGE('',*,*,#691,.T.);
#297=ORIENTED_EDGE('',*,*,#696,.F.);
#298=ORIENTED_EDGE('',*,*,#697,.F.);
#299=ORIENTED_EDGE('',*,*,#698,.T.);
#300=ORIENTED_EDGE('',*,*,#694,.T.);
#301=ORIENTED_EDGE('',*,*,#699,.F.);
#302=ORIENTED_EDGE('',*,*,#700,.T.);
#303=ORIENTED_EDGE('',*,*,#701,.F.);
#304=ORIENTED_EDGE('',*,*,#702,.T.);
#305=ORIENTED_EDGE('',*,*,#703,.F.);
#306=ORIENTED_EDGE('',*,*,#658,.F.);
#307=ORIENTED_EDGE('',*,*,#704,.T.);
#308=ORIENTED_EDGE('',*,*,#675,.T.);
#309=ORIENTED_EDGE('',*,*,#705,.F.);
#310=ORIENTED_EDGE('',*,*,#680,.F.);
#311=ORIENTED_EDGE('',*,*,#706,.T.);
#312=ORIENTED_EDGE('',*,*,#697,.T.);
#313=ORIENTED_EDGE('',*,*,#707,.F.);
#314=ORIENTED_EDGE('',*,*,#630,.F.);
#315=ORIENTED_EDGE('',*,*,#708,.T.);
#316=ORIENTED_EDGE('',*,*,#653,.T.);
#317=ORIENTED_EDGE('',*,*,#709,.T.);
#318=ORIENTED_EDGE('',*,*,#710,.T.);
#319=ORIENTED_EDGE('',*,*,#711,.T.);
#320=ORIENTED_EDGE('',*,*,#712,.T.);
#321=ORIENTED_EDGE('',*,*,#713,.T.);
#322=ORIENTED_EDGE('',*,*,#714,.T.);
#323=ORIENTED_EDGE('',*,*,#715,.T.);
#324=ORIENTED_EDGE('',*,*,#716,.T.);
#325=ORIENTED_EDGE('',*,*,#717,.T.);
#326=ORIENTED_EDGE('',*,*,#718,.T.);
#327=ORIENTED_EDGE('',*,*,#719,.T.);
#328=ORIENTED_EDGE('',*,*,#720,.T.);
#329=ORIENTED_EDGE('',*,*,#721,.T.);
#330=ORIENTED_EDGE('',*,*,#722,.T.);
#331=ORIENTED_EDGE('',*,*,#723,.T.);
#332=ORIENTED_EDGE('',*,*,#724,.T.);
#333=ORIENTED_EDGE('',*,*,#725,.T.);
#334=ORIENTED_EDGE('',*,*,#726,.T.);
#335=ORIENTED_EDGE('',*,*,#727,.T.);
#336=ORIENTED_EDGE('',*,*,#728,.T.);
#337=ORIENTED_EDGE('',*,*,#729,.T.);
#338=ORIENTED_EDGE('',*,*,#730,.T.);
#339=ORIENTED_EDGE('',*,*,#731,.T.);
#340=ORIENTED_EDGE('',*,*,#732,.T.);
#341=ORIENTED_EDGE('',*,*,#733,.T.);
#342=ORIENTED_EDGE('',*,*,#734,.T.);
#343=ORIENTED_EDGE('',*,*,#735,.T.);
#344=ORIENTED_EDGE('',*,*,#736,.T.);
#345=ORIENTED_EDGE('',*,*,#737,.T.);
#346=ORIENTED_EDGE('',*,*,#702,.F.);
#347=ORIENTED_EDGE('',*,*,#700,.F.);
#348=ORIENTED_EDGE('',*,*,#681,.T.);
#349=ORIENTED_EDGE('',*,*,#707,.T.);
#350=ORIENTED_EDGE('',*,*,#699,.T.);
#351=ORIENTED_EDGE('',*,*,#696,.T.);
#352=ORIENTED_EDGE('',*,*,#693,.T.);
#353=ORIENTED_EDGE('',*,*,#690,.F.);
#354=ORIENTED_EDGE('',*,*,#687,.T.);
#355=ORIENTED_EDGE('',*,*,#684,.F.);
#356=ORIENTED_EDGE('',*,*,#659,.T.);
#357=ORIENTED_EDGE('',*,*,#705,.T.);
#358=ORIENTED_EDGE('',*,*,#677,.T.);
#359=ORIENTED_EDGE('',*,*,#674,.T.);
#360=ORIENTED_EDGE('',*,*,#671,.T.);
#361=ORIENTED_EDGE('',*,*,#668,.F.);
#362=ORIENTED_EDGE('',*,*,#665,.T.);
#363=ORIENTED_EDGE('',*,*,#662,.F.);
#364=ORIENTED_EDGE('',*,*,#703,.T.);
#365=ORIENTED_EDGE('',*,*,#701,.T.);
#366=ORIENTED_EDGE('',*,*,#652,.T.);
#367=ORIENTED_EDGE('',*,*,#738,.T.);
#368=ORIENTED_EDGE('',*,*,#646,.T.);
#369=ORIENTED_EDGE('',*,*,#643,.F.);
#370=ORIENTED_EDGE('',*,*,#640,.F.);
#371=ORIENTED_EDGE('',*,*,#637,.F.);
#372=ORIENTED_EDGE('',*,*,#634,.F.);
#373=ORIENTED_EDGE('',*,*,#631,.F.);
#374=ORIENTED_EDGE('',*,*,#709,.F.);
#375=ORIENTED_EDGE('',*,*,#655,.F.);
#376=ORIENTED_EDGE('',*,*,#739,.T.);
#377=ORIENTED_EDGE('',*,*,#740,.T.);
#378=ORIENTED_EDGE('',*,*,#741,.F.);
#379=ORIENTED_EDGE('',*,*,#742,.T.);
#380=ORIENTED_EDGE('',*,*,#741,.T.);
#381=ORIENTED_EDGE('',*,*,#743,.T.);
#382=ORIENTED_EDGE('',*,*,#744,.F.);
#383=ORIENTED_EDGE('',*,*,#745,.T.);
#384=ORIENTED_EDGE('',*,*,#744,.T.);
#385=ORIENTED_EDGE('',*,*,#746,.T.);
#386=ORIENTED_EDGE('',*,*,#747,.F.);
#387=ORIENTED_EDGE('',*,*,#748,.T.);
#388=ORIENTED_EDGE('',*,*,#747,.T.);
#389=ORIENTED_EDGE('',*,*,#749,.T.);
#390=ORIENTED_EDGE('',*,*,#750,.F.);
#391=ORIENTED_EDGE('',*,*,#751,.T.);
#392=ORIENTED_EDGE('',*,*,#750,.T.);
#393=ORIENTED_EDGE('',*,*,#752,.T.);
#394=ORIENTED_EDGE('',*,*,#753,.T.);
#395=ORIENTED_EDGE('',*,*,#754,.T.);
#396=ORIENTED_EDGE('',*,*,#755,.T.);
#397=ORIENTED_EDGE('',*,*,#756,.T.);
#398=ORIENTED_EDGE('',*,*,#757,.T.);
#399=ORIENTED_EDGE('',*,*,#758,.T.);
#400=ORIENTED_EDGE('',*,*,#759,.T.);
#401=ORIENTED_EDGE('',*,*,#760,.T.);
#402=ORIENTED_EDGE('',*,*,#761,.T.);
#403=ORIENTED_EDGE('',*,*,#762,.T.);
#404=ORIENTED_EDGE('',*,*,#763,.T.);
#405=ORIENTED_EDGE('',*,*,#764,.T.);
#406=ORIENTED_EDGE('',*,*,#765,.T.);
#407=ORIENTED_EDGE('',*,*,#766,.T.);
#408=ORIENTED_EDGE('',*,*,#767,.T.);
#409=ORIENTED_EDGE('',*,*,#768,.T.);
#410=ORIENTED_EDGE('',*,*,#769,.F.);
#411=ORIENTED_EDGE('',*,*,#770,.F.);
#412=ORIENTED_EDGE('',*,*,#771,.F.);
#413=ORIENTED_EDGE('',*,*,#772,.F.);
#414=ORIENTED_EDGE('',*,*,#773,.T.);
#415=ORIENTED_EDGE('',*,*,#774,.T.);
#416=ORIENTED_EDGE('',*,*,#775,.T.);
#417=ORIENTED_EDGE('',*,*,#776,.T.);
#418=ORIENTED_EDGE('',*,*,#777,.T.);
#419=ORIENTED_EDGE('',*,*,#742,.F.);
#420=ORIENTED_EDGE('',*,*,#745,.F.);
#421=ORIENTED_EDGE('',*,*,#748,.F.);
#422=ORIENTED_EDGE('',*,*,#751,.F.);
#423=ORIENTED_EDGE('',*,*,#754,.F.);
#424=ORIENTED_EDGE('',*,*,#778,.T.);
#425=ORIENTED_EDGE('',*,*,#779,.F.);
#426=ORIENTED_EDGE('',*,*,#758,.F.);
#427=ORIENTED_EDGE('',*,*,#772,.T.);
#428=ORIENTED_EDGE('',*,*,#757,.F.);
#429=ORIENTED_EDGE('',*,*,#771,.T.);
#430=ORIENTED_EDGE('',*,*,#756,.F.);
#431=ORIENTED_EDGE('',*,*,#770,.T.);
#432=ORIENTED_EDGE('',*,*,#755,.F.);
#433=ORIENTED_EDGE('',*,*,#769,.T.);
#434=ORIENTED_EDGE('',*,*,#780,.T.);
#435=ORIENTED_EDGE('',*,*,#781,.T.);
#436=ORIENTED_EDGE('',*,*,#782,.T.);
#437=ORIENTED_EDGE('',*,*,#783,.T.);
#438=ORIENTED_EDGE('',*,*,#779,.T.);
#439=ORIENTED_EDGE('',*,*,#784,.T.);
#440=ORIENTED_EDGE('',*,*,#785,.T.);
#441=ORIENTED_EDGE('',*,*,#786,.T.);
#442=ORIENTED_EDGE('',*,*,#787,.T.);
#443=ORIENTED_EDGE('',*,*,#776,.F.);
#444=ORIENTED_EDGE('',*,*,#650,.F.);
#445=ORIENTED_EDGE('',*,*,#788,.T.);
#446=ORIENTED_EDGE('',*,*,#784,.F.);
#447=ORIENTED_EDGE('',*,*,#775,.F.);
#448=ORIENTED_EDGE('',*,*,#789,.T.);
#449=ORIENTED_EDGE('',*,*,#783,.F.);
#450=ORIENTED_EDGE('',*,*,#790,.T.);
#451=ORIENTED_EDGE('',*,*,#644,.F.);
#452=ORIENTED_EDGE('',*,*,#791,.T.);
#453=ORIENTED_EDGE('',*,*,#773,.F.);
#454=ORIENTED_EDGE('',*,*,#761,.F.);
#455=ORIENTED_EDGE('',*,*,#792,.T.);
#456=ORIENTED_EDGE('',*,*,#726,.F.);
#457=ORIENTED_EDGE('',*,*,#793,.T.);
#458=ORIENTED_EDGE('',*,*,#753,.F.);
#459=ORIENTED_EDGE('',*,*,#794,.T.);
#460=ORIENTED_EDGE('',*,*,#780,.F.);
#461=ORIENTED_EDGE('',*,*,#778,.F.);
#462=ORIENTED_EDGE('',*,*,#787,.F.);
#463=ORIENTED_EDGE('',*,*,#795,.T.);
#464=ORIENTED_EDGE('',*,*,#739,.F.);
#465=ORIENTED_EDGE('',*,*,#777,.F.);
#466=ORIENTED_EDGE('',*,*,#796,.F.);
#467=ORIENTED_EDGE('',*,*,#715,.F.);
#468=ORIENTED_EDGE('',*,*,#797,.F.);
#469=ORIENTED_EDGE('',*,*,#683,.F.);
#470=ORIENTED_EDGE('',*,*,#797,.T.);
#471=ORIENTED_EDGE('',*,*,#714,.F.);
#472=ORIENTED_EDGE('',*,*,#798,.F.);
#473=ORIENTED_EDGE('',*,*,#679,.F.);
#474=ORIENTED_EDGE('',*,*,#796,.T.);
#475=ORIENTED_EDGE('',*,*,#686,.F.);
#476=ORIENTED_EDGE('',*,*,#799,.F.);
#477=ORIENTED_EDGE('',*,*,#716,.F.);
#478=ORIENTED_EDGE('',*,*,#798,.T.);
#479=ORIENTED_EDGE('',*,*,#713,.F.);
#480=ORIENTED_EDGE('',*,*,#800,.F.);
#481=ORIENTED_EDGE('',*,*,#706,.F.);
#482=ORIENTED_EDGE('',*,*,#799,.T.);
#483=ORIENTED_EDGE('',*,*,#689,.F.);
#484=ORIENTED_EDGE('',*,*,#801,.F.);
#485=ORIENTED_EDGE('',*,*,#717,.F.);
#486=ORIENTED_EDGE('',*,*,#800,.T.);
#487=ORIENTED_EDGE('',*,*,#712,.F.);
#488=ORIENTED_EDGE('',*,*,#802,.F.);
#489=ORIENTED_EDGE('',*,*,#698,.F.);
#490=ORIENTED_EDGE('',*,*,#801,.T.);
#491=ORIENTED_EDGE('',*,*,#692,.F.);
#492=ORIENTED_EDGE('',*,*,#803,.F.);
#493=ORIENTED_EDGE('',*,*,#710,.F.);
#494=ORIENTED_EDGE('',*,*,#802,.T.);
#495=ORIENTED_EDGE('',*,*,#711,.F.);
#496=ORIENTED_EDGE('',*,*,#803,.T.);
#497=ORIENTED_EDGE('',*,*,#695,.F.);
#498=ORIENTED_EDGE('',*,*,#804,.F.);
#499=ORIENTED_EDGE('',*,*,#673,.F.);
#500=ORIENTED_EDGE('',*,*,#805,.F.);
#501=ORIENTED_EDGE('',*,*,#723,.F.);
#502=ORIENTED_EDGE('',*,*,#805,.T.);
#503=ORIENTED_EDGE('',*,*,#676,.F.);
#504=ORIENTED_EDGE('',*,*,#806,.F.);
#505=ORIENTED_EDGE('',*,*,#724,.F.);
#506=ORIENTED_EDGE('',*,*,#804,.T.);
#507=ORIENTED_EDGE('',*,*,#722,.F.);
#508=ORIENTED_EDGE('',*,*,#807,.F.);
#509=ORIENTED_EDGE('',*,*,#670,.F.);
#510=ORIENTED_EDGE('',*,*,#806,.T.);
#511=ORIENTED_EDGE('',*,*,#704,.F.);
#512=ORIENTED_EDGE('',*,*,#808,.F.);
#513=ORIENTED_EDGE('',*,*,#725,.F.);
#514=ORIENTED_EDGE('',*,*,#807,.T.);
#515=ORIENTED_EDGE('',*,*,#721,.F.);
#516=ORIENTED_EDGE('',*,*,#809,.F.);
#517=ORIENTED_EDGE('',*,*,#667,.F.);
#518=ORIENTED_EDGE('',*,*,#808,.T.);
#519=ORIENTED_EDGE('',*,*,#657,.F.);
#520=ORIENTED_EDGE('',*,*,#810,.F.);
#521=ORIENTED_EDGE('',*,*,#718,.F.);
#522=ORIENTED_EDGE('',*,*,#809,.T.);
#523=ORIENTED_EDGE('',*,*,#720,.F.);
#524=ORIENTED_EDGE('',*,*,#811,.F.);
#525=ORIENTED_EDGE('',*,*,#664,.F.);
#526=ORIENTED_EDGE('',*,*,#810,.T.);
#527=ORIENTED_EDGE('',*,*,#661,.F.);
#528=ORIENTED_EDGE('',*,*,#811,.T.);
#529=ORIENTED_EDGE('',*,*,#719,.F.);
#530=ORIENTED_EDGE('',*,*,#812,.F.);
#531=ORIENTED_EDGE('',*,*,#743,.F.);
#532=ORIENTED_EDGE('',*,*,#813,.F.);
#533=ORIENTED_EDGE('',*,*,#767,.F.);
#534=ORIENTED_EDGE('',*,*,#813,.T.);
#535=ORIENTED_EDGE('',*,*,#740,.F.);
#536=ORIENTED_EDGE('',*,*,#814,.F.);
#537=ORIENTED_EDGE('',*,*,#768,.F.);
#538=ORIENTED_EDGE('',*,*,#812,.T.);
#539=ORIENTED_EDGE('',*,*,#766,.F.);
#540=ORIENTED_EDGE('',*,*,#815,.F.);
#541=ORIENTED_EDGE('',*,*,#746,.F.);
#542=ORIENTED_EDGE('',*,*,#814,.T.);
#543=ORIENTED_EDGE('',*,*,#795,.F.);
#544=ORIENTED_EDGE('',*,*,#816,.F.);
#545=ORIENTED_EDGE('',*,*,#759,.F.);
#546=ORIENTED_EDGE('',*,*,#815,.T.);
#547=ORIENTED_EDGE('',*,*,#765,.F.);
#548=ORIENTED_EDGE('',*,*,#817,.F.);
#549=ORIENTED_EDGE('',*,*,#749,.F.);
#550=ORIENTED_EDGE('',*,*,#816,.T.);
#551=ORIENTED_EDGE('',*,*,#786,.F.);
#552=ORIENTED_EDGE('',*,*,#818,.F.);
#553=ORIENTED_EDGE('',*,*,#760,.F.);
#554=ORIENTED_EDGE('',*,*,#817,.T.);
#555=ORIENTED_EDGE('',*,*,#764,.F.);
#556=ORIENTED_EDGE('',*,*,#819,.F.);
#557=ORIENTED_EDGE('',*,*,#752,.F.);
#558=ORIENTED_EDGE('',*,*,#792,.F.);
#559=ORIENTED_EDGE('',*,*,#818,.T.);
#560=ORIENTED_EDGE('',*,*,#820,.F.);
#561=ORIENTED_EDGE('',*,*,#819,.T.);
#562=ORIENTED_EDGE('',*,*,#763,.F.);
#563=ORIENTED_EDGE('',*,*,#821,.F.);
#564=ORIENTED_EDGE('',*,*,#794,.F.);
#565=ORIENTED_EDGE('',*,*,#820,.T.);
#566=ORIENTED_EDGE('',*,*,#785,.F.);
#567=ORIENTED_EDGE('',*,*,#822,.F.);
#568=ORIENTED_EDGE('',*,*,#727,.F.);
#569=ORIENTED_EDGE('',*,*,#821,.T.);
#570=ORIENTED_EDGE('',*,*,#762,.F.);
#571=ORIENTED_EDGE('',*,*,#823,.F.);
#572=ORIENTED_EDGE('',*,*,#781,.F.);
#573=ORIENTED_EDGE('',*,*,#822,.T.);
#574=ORIENTED_EDGE('',*,*,#788,.F.);
#575=ORIENTED_EDGE('',*,*,#824,.F.);
#576=ORIENTED_EDGE('',*,*,#823,.T.);
#577=ORIENTED_EDGE('',*,*,#793,.F.);
#578=ORIENTED_EDGE('',*,*,#825,.F.);
#579=ORIENTED_EDGE('',*,*,#824,.T.);
#580=ORIENTED_EDGE('',*,*,#649,.F.);
#581=ORIENTED_EDGE('',*,*,#826,.F.);
#582=ORIENTED_EDGE('',*,*,#728,.F.);
#583=ORIENTED_EDGE('',*,*,#825,.T.);
#584=ORIENTED_EDGE('',*,*,#737,.F.);
#585=ORIENTED_EDGE('',*,*,#827,.F.);
#586=ORIENTED_EDGE('',*,*,#782,.F.);
#587=ORIENTED_EDGE('',*,*,#826,.T.);
#588=ORIENTED_EDGE('',*,*,#654,.F.);
#589=ORIENTED_EDGE('',*,*,#828,.F.);
#590=ORIENTED_EDGE('',*,*,#729,.F.);
#591=ORIENTED_EDGE('',*,*,#790,.F.);
#592=ORIENTED_EDGE('',*,*,#827,.T.);
#593=ORIENTED_EDGE('',*,*,#829,.F.);
#594=ORIENTED_EDGE('',*,*,#828,.T.);
#595=ORIENTED_EDGE('',*,*,#708,.F.);
#596=ORIENTED_EDGE('',*,*,#830,.F.);
#597=ORIENTED_EDGE('',*,*,#730,.F.);
#598=ORIENTED_EDGE('',*,*,#829,.T.);
#599=ORIENTED_EDGE('',*,*,#736,.F.);
#600=ORIENTED_EDGE('',*,*,#831,.F.);
#601=ORIENTED_EDGE('',*,*,#645,.F.);
#602=ORIENTED_EDGE('',*,*,#830,.T.);
#603=ORIENTED_EDGE('',*,*,#629,.F.);
#604=ORIENTED_EDGE('',*,*,#832,.F.);
#605=ORIENTED_EDGE('',*,*,#731,.F.);
#606=ORIENTED_EDGE('',*,*,#831,.T.);
#607=ORIENTED_EDGE('',*,*,#735,.F.);
#608=ORIENTED_EDGE('',*,*,#833,.F.);
#609=ORIENTED_EDGE('',*,*,#642,.F.);
#610=ORIENTED_EDGE('',*,*,#832,.T.);
#611=ORIENTED_EDGE('',*,*,#633,.F.);
#612=ORIENTED_EDGE('',*,*,#834,.F.);
#613=ORIENTED_EDGE('',*,*,#732,.F.);
#614=ORIENTED_EDGE('',*,*,#833,.T.);
#615=ORIENTED_EDGE('',*,*,#734,.F.);
#616=ORIENTED_EDGE('',*,*,#835,.F.);
#617=ORIENTED_EDGE('',*,*,#639,.F.);
#618=ORIENTED_EDGE('',*,*,#834,.T.);
#619=ORIENTED_EDGE('',*,*,#636,.F.);
#620=ORIENTED_EDGE('',*,*,#835,.T.);
#621=ORIENTED_EDGE('',*,*,#733,.F.);
#622=ORIENTED_EDGE('',*,*,#789,.F.);
#623=ORIENTED_EDGE('',*,*,#774,.F.);
#624=ORIENTED_EDGE('',*,*,#791,.F.);
#625=ORIENTED_EDGE('',*,*,#647,.F.);
#626=ORIENTED_EDGE('',*,*,#738,.F.);
#627=ORIENTED_EDGE('',*,*,#651,.F.);
#628=EDGE_CURVE('',#836,#837,#964,.T.);
#629=EDGE_CURVE('',#836,#838,#188,.T.);
#630=EDGE_CURVE('',#838,#839,#965,.T.);
#631=EDGE_CURVE('',#839,#837,#189,.T.);
#632=EDGE_CURVE('',#840,#841,#966,.T.);
#633=EDGE_CURVE('',#840,#836,#967,.F.);
#634=EDGE_CURVE('',#837,#841,#968,.T.);
#635=EDGE_CURVE('',#842,#843,#969,.T.);
#636=EDGE_CURVE('',#842,#840,#190,.T.);
#637=EDGE_CURVE('',#841,#843,#191,.T.);
#638=EDGE_CURVE('',#844,#845,#970,.T.);
#639=EDGE_CURVE('',#844,#842,#971,.F.);
#640=EDGE_CURVE('',#843,#845,#972,.T.);
#641=EDGE_CURVE('',#846,#847,#973,.T.);
#642=EDGE_CURVE('',#846,#844,#192,.T.);
#643=EDGE_CURVE('',#845,#847,#193,.T.);
#644=EDGE_CURVE('',#848,#849,#974,.F.);
#645=EDGE_CURVE('',#849,#846,#42,.T.);
#646=EDGE_CURVE('',#850,#847,#43,.T.);
#647=EDGE_CURVE('',#850,#848,#194,.T.);
#648=EDGE_CURVE('',#851,#852,#975,.T.);
#649=EDGE_CURVE('',#851,#853,#44,.T.);
#650=EDGE_CURVE('',#853,#854,#976,.T.);
#651=EDGE_CURVE('',#854,#855,#195,.T.);
#652=EDGE_CURVE('',#852,#855,#45,.T.);
#653=EDGE_CURVE('',#856,#857,#977,.T.);
#654=EDGE_CURVE('',#856,#851,#196,.T.);
#655=EDGE_CURVE('',#852,#857,#197,.T.);
#656=EDGE_CURVE('',#858,#859,#978,.T.);
#657=EDGE_CURVE('',#858,#860,#46,.T.);
#658=EDGE_CURVE('',#860,#861,#979,.T.);
#659=EDGE_CURVE('',#859,#861,#47,.T.);
#660=EDGE_CURVE('',#862,#863,#980,.T.);
#661=EDGE_CURVE('',#862,#858,#981,.F.);
#662=EDGE_CURVE('',#859,#863,#982,.T.);
#663=EDGE_CURVE('',#864,#865,#983,.T.);
#664=EDGE_CURVE('',#864,#862,#48,.T.);
#665=EDGE_CURVE('',#865,#863,#49,.T.);
#666=EDGE_CURVE('',#866,#867,#984,.T.);
#667=EDGE_CURVE('',#866,#864,#985,.F.);
#668=EDGE_CURVE('',#865,#867,#986,.T.);
#669=EDGE_CURVE('',#868,#869,#987,.T.);
#670=EDGE_CURVE('',#868,#866,#50,.T.);
#671=EDGE_CURVE('',#869,#867,#51,.T.);
#672=EDGE_CURVE('',#870,#871,#988,.T.);
#673=EDGE_CURVE('',#870,#868,#989,.T.);
#674=EDGE_CURVE('',#871,#869,#990,.T.);
#675=EDGE_CURVE('',#872,#873,#991,.T.);
#676=EDGE_CURVE('',#872,#870,#52,.T.);
#677=EDGE_CURVE('',#873,#871,#53,.T.);
#678=EDGE_CURVE('',#874,#875,#992,.T.);
#679=EDGE_CURVE('',#874,#876,#54,.T.);
#680=EDGE_CURVE('',#876,#877,#993,.T.);
#681=EDGE_CURVE('',#875,#877,#55,.T.);
#682=EDGE_CURVE('',#878,#879,#994,.T.);
#683=EDGE_CURVE('',#878,#874,#995,.F.);
#684=EDGE_CURVE('',#875,#879,#996,.T.);
#685=EDGE_CURVE('',#880,#881,#997,.T.);
#686=EDGE_CURVE('',#880,#878,#56,.T.);
#687=EDGE_CURVE('',#881,#879,#57,.T.);
#688=EDGE_CURVE('',#882,#883,#998,.T.);
#689=EDGE_CURVE('',#882,#880,#999,.F.);
#690=EDGE_CURVE('',#881,#883,#1000,.T.);
#691=EDGE_CURVE('',#884,#885,#1001,.T.);
#692=EDGE_CURVE('',#884,#882,#58,.T.);
#693=EDGE_CURVE('',#885,#883,#59,.T.);
#694=EDGE_CURVE('',#886,#887,#1002,.T.);
#695=EDGE_CURVE('',#886,#884,#1003,.T.);
#696=EDGE_CURVE('',#887,#885,#1004,.T.);
#697=EDGE_CURVE('',#888,#889,#1005,.T.);
#698=EDGE_CURVE('',#888,#886,#60,.T.);
#699=EDGE_CURVE('',#889,#887,#61,.T.);
#700=EDGE_CURVE('',#890,#890,#62,.T.);
#701=EDGE_CURVE('',#891,#891,#63,.T.);
#702=EDGE_CURVE('',#892,#892,#64,.T.);
#703=EDGE_CURVE('',#893,#893,#65,.T.);
#704=EDGE_CURVE('',#860,#872,#1006,.T.);
#705=EDGE_CURVE('',#861,#873,#1007,.T.);
#706=EDGE_CURVE('',#876,#888,#1008,.T.);
#707=EDGE_CURVE('',#877,#889,#1009,.T.);
#708=EDGE_CURVE('',#838,#856,#1010,.F.);
#709=EDGE_CURVE('',#857,#839,#1011,.T.);
#710=EDGE_CURVE('',#894,#895,#66,.F.);
#711=EDGE_CURVE('',#895,#896,#1012,.F.);
#712=EDGE_CURVE('',#896,#897,#67,.F.);
#713=EDGE_CURVE('',#897,#898,#1013,.F.);
#714=EDGE_CURVE('',#898,#899,#68,.F.);
#715=EDGE_CURVE('',#899,#900,#1014,.T.);
#716=EDGE_CURVE('',#900,#901,#69,.F.);
#717=EDGE_CURVE('',#901,#894,#1015,.T.);
#718=EDGE_CURVE('',#902,#903,#70,.F.);
#719=EDGE_CURVE('',#903,#904,#1016,.T.);
#720=EDGE_CURVE('',#904,#905,#71,.F.);
#721=EDGE_CURVE('',#905,#906,#1017,.T.);
#722=EDGE_CURVE('',#906,#907,#72,.F.);
#723=EDGE_CURVE('',#907,#908,#1018,.F.);
#724=EDGE_CURVE('',#908,#909,#73,.F.);
#725=EDGE_CURVE('',#909,#902,#1019,.F.);
#726=EDGE_CURVE('',#910,#911,#1020,.F.);
#727=EDGE_CURVE('',#911,#912,#1021,.T.);
#728=EDGE_CURVE('',#912,#913,#74,.F.);
#729=EDGE_CURVE('',#913,#914,#198,.T.);
#730=EDGE_CURVE('',#914,#915,#1022,.T.);
#731=EDGE_CURVE('',#915,#916,#199,.T.);
#732=EDGE_CURVE('',#916,#917,#1023,.T.);
#733=EDGE_CURVE('',#917,#918,#200,.T.);
#734=EDGE_CURVE('',#918,#919,#1024,.T.);
#735=EDGE_CURVE('',#919,#920,#201,.T.);
#736=EDGE_CURVE('',#920,#921,#75,.F.);
#737=EDGE_CURVE('',#921,#910,#1025,.F.);
#738=EDGE_CURVE('',#855,#850,#1026,.T.);
#739=EDGE_CURVE('',#922,#923,#1027,.T.);
#740=EDGE_CURVE('',#923,#924,#1028,.F.);
#741=EDGE_CURVE('',#925,#924,#1029,.T.);
#742=EDGE_CURVE('',#925,#922,#1030,.F.);
#743=EDGE_CURVE('',#924,#926,#76,.F.);
#744=EDGE_CURVE('',#927,#926,#1031,.T.);
#745=EDGE_CURVE('',#927,#925,#77,.F.);
#746=EDGE_CURVE('',#926,#928,#1032,.F.);
#747=EDGE_CURVE('',#929,#928,#1033,.T.);
#748=EDGE_CURVE('',#929,#927,#1034,.F.);
#749=EDGE_CURVE('',#928,#930,#78,.F.);
#750=EDGE_CURVE('',#931,#930,#1035,.T.);
#751=EDGE_CURVE('',#931,#929,#79,.F.);
#752=EDGE_CURVE('',#930,#932,#1036,.F.);
#753=EDGE_CURVE('',#932,#933,#1037,.T.);
#754=EDGE_CURVE('',#933,#931,#1038,.T.);
#755=EDGE_CURVE('',#934,#934,#80,.T.);
#756=EDGE_CURVE('',#935,#935,#81,.T.);
#757=EDGE_CURVE('',#936,#936,#82,.T.);
#758=EDGE_CURVE('',#937,#937,#83,.T.);
#759=EDGE_CURVE('',#938,#939,#34,.F.);
#760=EDGE_CURVE('',#939,#940,#1039,.F.);
#761=EDGE_CURVE('',#940,#941,#1040,.T.);
#762=EDGE_CURVE('',#941,#942,#1041,.F.);
#763=EDGE_CURVE('',#942,#943,#35,.F.);
#764=EDGE_CURVE('',#943,#944,#1042,.T.);
#765=EDGE_CURVE('',#944,#945,#84,.T.);
#766=EDGE_CURVE('',#945,#946,#1043,.F.);
#767=EDGE_CURVE('',#946,#947,#85,.T.);
#768=EDGE_CURVE('',#947,#938,#1044,.F.);
#769=EDGE_CURVE('',#948,#948,#86,.T.);
#770=EDGE_CURVE('',#949,#949,#87,.T.);
#771=EDGE_CURVE('',#950,#950,#88,.T.);
#772=EDGE_CURVE('',#951,#951,#89,.T.);
#773=EDGE_CURVE('',#952,#953,#36,.T.);
#774=EDGE_CURVE('',#953,#954,#1045,.F.);
#775=EDGE_CURVE('',#954,#955,#37,.T.);
#776=EDGE_CURVE('',#955,#956,#1046,.T.);
#777=EDGE_CURVE('',#956,#922,#38,.F.);
#778=EDGE_CURVE('',#933,#957,#39,.F.);
#779=EDGE_CURVE('',#952,#957,#1047,.T.);
#780=EDGE_CURVE('',#957,#958,#1048,.T.);
#781=EDGE_CURVE('',#958,#959,#1049,.F.);
#782=EDGE_CURVE('',#959,#960,#1050,.F.);
#783=EDGE_CURVE('',#960,#952,#1051,.F.);
#784=EDGE_CURVE('',#955,#961,#1052,.F.);
#785=EDGE_CURVE('',#961,#962,#1053,.F.);
#786=EDGE_CURVE('',#962,#963,#1054,.T.);
#787=EDGE_CURVE('',#963,#956,#1055,.T.);
#788=EDGE_CURVE('',#853,#961,#90,.T.);
#789=EDGE_CURVE('',#954,#854,#202,.T.);
#790=EDGE_CURVE('',#960,#849,#91,.T.);
#791=EDGE_CURVE('',#848,#953,#203,.T.);
#792=EDGE_CURVE('',#940,#911,#92,.T.);
#793=EDGE_CURVE('',#910,#941,#93,.F.);
#794=EDGE_CURVE('',#932,#958,#40,.F.);
#795=EDGE_CURVE('',#963,#923,#41,.F.);
#796=EDGE_CURVE('',#900,#878,#94,.T.);
#797=EDGE_CURVE('',#874,#899,#95,.T.);
#798=EDGE_CURVE('',#876,#898,#96,.T.);
#799=EDGE_CURVE('',#901,#880,#97,.T.);
#800=EDGE_CURVE('',#888,#897,#98,.T.);
#801=EDGE_CURVE('',#894,#882,#99,.T.);
#802=EDGE_CURVE('',#886,#896,#100,.T.);
#803=EDGE_CURVE('',#895,#884,#101,.T.);
#804=EDGE_CURVE('',#868,#907,#102,.T.);
#805=EDGE_CURVE('',#908,#870,#103,.T.);
#806=EDGE_CURVE('',#909,#872,#104,.T.);
#807=EDGE_CURVE('',#866,#906,#105,.T.);
#808=EDGE_CURVE('',#902,#860,#106,.T.);
#809=EDGE_CURVE('',#864,#905,#107,.T.);
#810=EDGE_CURVE('',#903,#858,#108,.T.);
#811=EDGE_CURVE('',#862,#904,#109,.T.);
#812=EDGE_CURVE('',#926,#946,#110,.T.);
#813=EDGE_CURVE('',#947,#924,#111,.T.);
#814=EDGE_CURVE('',#938,#923,#112,.T.);
#815=EDGE_CURVE('',#928,#945,#113,.T.);
#816=EDGE_CURVE('',#939,#963,#114,.T.);
#817=EDGE_CURVE('',#930,#944,#115,.T.);
#818=EDGE_CURVE('',#940,#962,#116,.T.);
#819=EDGE_CURVE('',#932,#943,#117,.T.);
#820=EDGE_CURVE('',#911,#962,#118,.T.);
#821=EDGE_CURVE('',#958,#942,#119,.T.);
#822=EDGE_CURVE('',#912,#961,#120,.T.);
#823=EDGE_CURVE('',#959,#941,#121,.T.);
#824=EDGE_CURVE('',#912,#853,#122,.T.);
#825=EDGE_CURVE('',#959,#910,#123,.T.);
#826=EDGE_CURVE('',#913,#851,#204,.F.);
#827=EDGE_CURVE('',#960,#921,#124,.T.);
#828=EDGE_CURVE('',#914,#856,#205,.T.);
#829=EDGE_CURVE('',#849,#921,#125,.T.);
#830=EDGE_CURVE('',#915,#838,#206,.F.);
#831=EDGE_CURVE('',#846,#920,#207,.F.);
#832=EDGE_CURVE('',#916,#836,#208,.T.);
#833=EDGE_CURVE('',#844,#919,#209,.T.);
#834=EDGE_CURVE('',#917,#840,#210,.F.);
#835=EDGE_CURVE('',#842,#918,#211,.F.);
#836=VERTEX_POINT('',#2093);
#837=VERTEX_POINT('',#2094);
#838=VERTEX_POINT('',#2102);
#839=VERTEX_POINT('',#2104);
#840=VERTEX_POINT('',#2114);
#841=VERTEX_POINT('',#2115);
#842=VERTEX_POINT('',#2133);
#843=VERTEX_POINT('',#2134);
#844=VERTEX_POINT('',#2151);
#845=VERTEX_POINT('',#2152);
#846=VERTEX_POINT('',#2170);
#847=VERTEX_POINT('',#2171);
#848=VERTEX_POINT('',#2188);
#849=VERTEX_POINT('',#2189);
#850=VERTEX_POINT('',#2192);
#851=VERTEX_POINT('',#2199);
#852=VERTEX_POINT('',#2200);
#853=VERTEX_POINT('',#2202);
#854=VERTEX_POINT('',#2204);
#855=VERTEX_POINT('',#2209);
#856=VERTEX_POINT('',#2226);
#857=VERTEX_POINT('',#2227);
#858=VERTEX_POINT('',#2244);
#859=VERTEX_POINT('',#2245);
#860=VERTEX_POINT('',#2247);
#861=VERTEX_POINT('',#2249);
#862=VERTEX_POINT('',#2253);
#863=VERTEX_POINT('',#2254);
#864=VERTEX_POINT('',#2259);
#865=VERTEX_POINT('',#2260);
#866=VERTEX_POINT('',#2265);
#867=VERTEX_POINT('',#2266);
#868=VERTEX_POINT('',#2271);
#869=VERTEX_POINT('',#2272);
#870=VERTEX_POINT('',#2277);
#871=VERTEX_POINT('',#2278);
#872=VERTEX_POINT('',#2283);
#873=VERTEX_POINT('',#2284);
#874=VERTEX_POINT('',#2289);
#875=VERTEX_POINT('',#2290);
#876=VERTEX_POINT('',#2292);
#877=VERTEX_POINT('',#2294);
#878=VERTEX_POINT('',#2298);
#879=VERTEX_POINT('',#2299);
#880=VERTEX_POINT('',#2304);
#881=VERTEX_POINT('',#2305);
#882=VERTEX_POINT('',#2310);
#883=VERTEX_POINT('',#2311);
#884=VERTEX_POINT('',#2316);
#885=VERTEX_POINT('',#2317);
#886=VERTEX_POINT('',#2322);
#887=VERTEX_POINT('',#2323);
#888=VERTEX_POINT('',#2328);
#889=VERTEX_POINT('',#2329);
#890=VERTEX_POINT('',#2334);
#891=VERTEX_POINT('',#2336);
#892=VERTEX_POINT('',#2339);
#893=VERTEX_POINT('',#2341);
#894=VERTEX_POINT('',#2353);
#895=VERTEX_POINT('',#2354);
#896=VERTEX_POINT('',#2356);
#897=VERTEX_POINT('',#2358);
#898=VERTEX_POINT('',#2360);
#899=VERTEX_POINT('',#2362);
#900=VERTEX_POINT('',#2364);
#901=VERTEX_POINT('',#2366);
#902=VERTEX_POINT('',#2369);
#903=VERTEX_POINT('',#2370);
#904=VERTEX_POINT('',#2372);
#905=VERTEX_POINT('',#2374);
#906=VERTEX_POINT('',#2376);
#907=VERTEX_POINT('',#2378);
#908=VERTEX_POINT('',#2380);
#909=VERTEX_POINT('',#2382);
#910=VERTEX_POINT('',#2385);
#911=VERTEX_POINT('',#2386);
#912=VERTEX_POINT('',#2388);
#913=VERTEX_POINT('',#2390);
#914=VERTEX_POINT('',#2398);
#915=VERTEX_POINT('',#2400);
#916=VERTEX_POINT('',#2408);
#917=VERTEX_POINT('',#2410);
#918=VERTEX_POINT('',#2418);
#919=VERTEX_POINT('',#2420);
#920=VERTEX_POINT('',#2428);
#921=VERTEX_POINT('',#2430);
#922=VERTEX_POINT('',#2436);
#923=VERTEX_POINT('',#2437);
#924=VERTEX_POINT('',#2439);
#925=VERTEX_POINT('',#2441);
#926=VERTEX_POINT('',#2445);
#927=VERTEX_POINT('',#2447);
#928=VERTEX_POINT('',#2451);
#929=VERTEX_POINT('',#2453);
#930=VERTEX_POINT('',#2457);
#931=VERTEX_POINT('',#2459);
#932=VERTEX_POINT('',#2463);
#933=VERTEX_POINT('',#2465);
#934=VERTEX_POINT('',#2469);
#935=VERTEX_POINT('',#2471);
#936=VERTEX_POINT('',#2473);
#937=VERTEX_POINT('',#2475);
#938=VERTEX_POINT('',#2477);
#939=VERTEX_POINT('',#2478);
#940=VERTEX_POINT('',#2480);
#941=VERTEX_POINT('',#2482);
#942=VERTEX_POINT('',#2484);
#943=VERTEX_POINT('',#2486);
#944=VERTEX_POINT('',#2488);
#945=VERTEX_POINT('',#2490);
#946=VERTEX_POINT('',#2492);
#947=VERTEX_POINT('',#2494);
#948=VERTEX_POINT('',#2498);
#949=VERTEX_POINT('',#2500);
#950=VERTEX_POINT('',#2502);
#951=VERTEX_POINT('',#2504);
#952=VERTEX_POINT('',#2506);
#953=VERTEX_POINT('',#2507);
#954=VERTEX_POINT('',#2509);
#955=VERTEX_POINT('',#2511);
#956=VERTEX_POINT('',#2513);
#957=VERTEX_POINT('',#2516);
#958=VERTEX_POINT('',#2524);
#959=VERTEX_POINT('',#2526);
#960=VERTEX_POINT('',#2528);
#961=VERTEX_POINT('',#2532);
#962=VERTEX_POINT('',#2534);
#963=VERTEX_POINT('',#2536);
#964=LINE('',#2092,#1056);
#965=LINE('',#2103,#1057);
#966=LINE('',#2113,#1058);
#967=LINE('',#2116,#1059);
#968=LINE('',#2117,#1060);
#969=LINE('',#2132,#1061);
#970=LINE('',#2150,#1062);
#971=LINE('',#2153,#1063);
#972=LINE('',#2154,#1064);
#973=LINE('',#2169,#1065);
#974=LINE('',#2187,#1066);
#975=LINE('',#2198,#1067);
#976=LINE('',#2203,#1068);
#977=LINE('',#2225,#1069);
#978=LINE('',#2243,#1070);
#979=LINE('',#2248,#1071);
#980=LINE('',#2252,#1072);
#981=LINE('',#2255,#1073);
#982=LINE('',#2256,#1074);
#983=LINE('',#2258,#1075);
#984=LINE('',#2264,#1076);
#985=LINE('',#2267,#1077);
#986=LINE('',#2268,#1078);
#987=LINE('',#2270,#1079);
#988=LINE('',#2276,#1080);
#989=LINE('',#2279,#1081);
#990=LINE('',#2280,#1082);
#991=LINE('',#2282,#1083);
#992=LINE('',#2288,#1084);
#993=LINE('',#2293,#1085);
#994=LINE('',#2297,#1086);
#995=LINE('',#2300,#1087);
#996=LINE('',#2301,#1088);
#997=LINE('',#2303,#1089);
#998=LINE('',#2309,#1090);
#999=LINE('',#2312,#1091);
#1000=LINE('',#2313,#1092);
#1001=LINE('',#2315,#1093);
#1002=LINE('',#2321,#1094);
#1003=LINE('',#2324,#1095);
#1004=LINE('',#2325,#1096);
#1005=LINE('',#2327,#1097);
#1006=LINE('',#2343,#1098);
#1007=LINE('',#2344,#1099);
#1008=LINE('',#2346,#1100);
#1009=LINE('',#2347,#1101);
#1010=LINE('',#2349,#1102);
#1011=LINE('',#2350,#1103);
#1012=LINE('',#2355,#1104);
#1013=LINE('',#2359,#1105);
#1014=LINE('',#2363,#1106);
#1015=LINE('',#2367,#1107);
#1016=LINE('',#2371,#1108);
#1017=LINE('',#2375,#1109);
#1018=LINE('',#2379,#1110);
#1019=LINE('',#2383,#1111);
#1020=LINE('',#2384,#1112);
#1021=LINE('',#2387,#1113);
#1022=LINE('',#2399,#1114);
#1023=LINE('',#2409,#1115);
#1024=LINE('',#2419,#1116);
#1025=LINE('',#2431,#1117);
#1026=LINE('',#2433,#1118);
#1027=LINE('',#2435,#1119);
#1028=LINE('',#2438,#1120);
#1029=LINE('',#2440,#1121);
#1030=LINE('',#2442,#1122);
#1031=LINE('',#2446,#1123);
#1032=LINE('',#2450,#1124);
#1033=LINE('',#2452,#1125);
#1034=LINE('',#2454,#1126);
#1035=LINE('',#2458,#1127);
#1036=LINE('',#2462,#1128);
#1037=LINE('',#2464,#1129);
#1038=LINE('',#2466,#1130);
#1039=LINE('',#2479,#1131);
#1040=LINE('',#2481,#1132);
#1041=LINE('',#2483,#1133);
#1042=LINE('',#2487,#1134);
#1043=LINE('',#2491,#1135);
#1044=LINE('',#2495,#1136);
#1045=LINE('',#2508,#1137);
#1046=LINE('',#2512,#1138);
#1047=LINE('',#2517,#1139);
#1048=LINE('',#2523,#1140);
#1049=LINE('',#2525,#1141);
#1050=LINE('',#2527,#1142);
#1051=LINE('',#2529,#1143);
#1052=LINE('',#2531,#1144);
#1053=LINE('',#2533,#1145);
#1054=LINE('',#2535,#1146);
#1055=LINE('',#2537,#1147);
#1056=VECTOR('',#1645,1.);
#1057=VECTOR('',#1646,1.);
#1058=VECTOR('',#1649,1.);
#1059=VECTOR('',#1650,1.);
#1060=VECTOR('',#1651,1.);
#1061=VECTOR('',#1652,1.);
#1062=VECTOR('',#1655,1.);
#1063=VECTOR('',#1656,1.);
#1064=VECTOR('',#1657,1.);
#1065=VECTOR('',#1658,1.);
#1066=VECTOR('',#1661,1.);
#1067=VECTOR('',#1668,1.);
#1068=VECTOR('',#1671,1.);
#1069=VECTOR('',#1674,1.);
#1070=VECTOR('',#1677,1.);
#1071=VECTOR('',#1680,1.);
#1072=VECTOR('',#1685,1.);
#1073=VECTOR('',#1686,1.);
#1074=VECTOR('',#1687,1.);
#1075=VECTOR('',#1690,1.);
#1076=VECTOR('',#1697,1.);
#1077=VECTOR('',#1698,1.);
#1078=VECTOR('',#1699,1.);
#1079=VECTOR('',#1702,1.);
#1080=VECTOR('',#1709,1.);
#1081=VECTOR('',#1710,1.);
#1082=VECTOR('',#1711,1.);
#1083=VECTOR('',#1714,1.);
#1084=VECTOR('',#1721,1.);
#1085=VECTOR('',#1724,1.);
#1086=VECTOR('',#1729,1.);
#1087=VECTOR('',#1730,1.);
#1088=VECTOR('',#1731,1.);
#1089=VECTOR('',#1734,1.);
#1090=VECTOR('',#1741,1.);
#1091=VECTOR('',#1742,1.);
#1092=VECTOR('',#1743,1.);
#1093=VECTOR('',#1746,1.);
#1094=VECTOR('',#1753,1.);
#1095=VECTOR('',#1754,1.);
#1096=VECTOR('',#1755,1.);
#1097=VECTOR('',#1758,1.);
#1098=VECTOR('',#1777,1.);
#1099=VECTOR('',#1778,1.);
#1100=VECTOR('',#1781,1.);
#1101=VECTOR('',#1782,1.);
#1102=VECTOR('',#1785,1.);
#1103=VECTOR('',#1786,1.);
#1104=VECTOR('',#1791,1.);
#1105=VECTOR('',#1794,1.);
#1106=VECTOR('',#1797,1.);
#1107=VECTOR('',#1800,1.);
#1108=VECTOR('',#1803,1.);
#1109=VECTOR('',#1806,1.);
#1110=VECTOR('',#1809,1.);
#1111=VECTOR('',#1812,1.);
#1112=VECTOR('',#1813,1.);
#1113=VECTOR('',#1814,1.);
#1114=VECTOR('',#1817,1.);
#1115=VECTOR('',#1818,1.);
#1116=VECTOR('',#1819,1.);
#1117=VECTOR('',#1822,1.);
#1118=VECTOR('',#1825,1.);
#1119=VECTOR('',#1828,1.);
#1120=VECTOR('',#1829,1.);
#1121=VECTOR('',#1830,1.);
#1122=VECTOR('',#1831,1.);
#1123=VECTOR('',#1836,1.);
#1124=VECTOR('',#1841,1.);
#1125=VECTOR('',#1842,1.);
#1126=VECTOR('',#1843,1.);
#1127=VECTOR('',#1848,1.);
#1128=VECTOR('',#1853,1.);
#1129=VECTOR('',#1854,1.);
#1130=VECTOR('',#1855,1.);
#1131=VECTOR('',#1868,1.);
#1132=VECTOR('',#1869,1.);
#1133=VECTOR('',#1870,1.);
#1134=VECTOR('',#1873,1.);
#1135=VECTOR('',#1876,1.);
#1136=VECTOR('',#1879,1.);
#1137=VECTOR('',#1892,1.);
#1138=VECTOR('',#1895,1.);
#1139=VECTOR('',#1900,1.);
#1140=VECTOR('',#1911,1.);
#1141=VECTOR('',#1912,1.);
#1142=VECTOR('',#1913,1.);
#1143=VECTOR('',#1914,1.);
#1144=VECTOR('',#1917,1.);
#1145=VECTOR('',#1918,1.);
#1146=VECTOR('',#1919,1.);
#1147=VECTOR('',#1920,1.);
#1148=EDGE_LOOP('',(#212,#213,#214,#215));
#1149=EDGE_LOOP('',(#216,#217,#218,#219));
#1150=EDGE_LOOP('',(#220,#221,#222,#223));
#1151=EDGE_LOOP('',(#224,#225,#226,#227));
#1152=EDGE_LOOP('',(#228,#229,#230,#231));
#1153=EDGE_LOOP('',(#232,#233,#234,#235,#236));
#1154=EDGE_LOOP('',(#237,#238,#239,#240,#241));
#1155=EDGE_LOOP('',(#242,#243,#244,#245));
#1156=EDGE_LOOP('',(#246,#247,#248,#249));
#1157=EDGE_LOOP('',(#250,#251,#252,#253));
#1158=EDGE_LOOP('',(#254,#255,#256,#257));
#1159=EDGE_LOOP('',(#258,#259,#260,#261));
#1160=EDGE_LOOP('',(#262,#263,#264,#265));
#1161=EDGE_LOOP('',(#266,#267,#268,#269));
#1162=EDGE_LOOP('',(#270,#271,#272,#273));
#1163=EDGE_LOOP('',(#274,#275,#276,#277));
#1164=EDGE_LOOP('',(#278,#279,#280,#281));
#1165=EDGE_LOOP('',(#282,#283,#284,#285));
#1166=EDGE_LOOP('',(#286,#287,#288,#289));
#1167=EDGE_LOOP('',(#290,#291,#292,#293));
#1168=EDGE_LOOP('',(#294,#295,#296,#297));
#1169=EDGE_LOOP('',(#298,#299,#300,#301));
#1170=EDGE_LOOP('',(#302));
#1171=EDGE_LOOP('',(#303));
#1172=EDGE_LOOP('',(#304));
#1173=EDGE_LOOP('',(#305));
#1174=EDGE_LOOP('',(#306,#307,#308,#309));
#1175=EDGE_LOOP('',(#310,#311,#312,#313));
#1176=EDGE_LOOP('',(#314,#315,#316,#317));
#1177=EDGE_LOOP('',(#318,#319,#320,#321,#322,#323,#324,#325));
#1178=EDGE_LOOP('',(#326,#327,#328,#329,#330,#331,#332,#333));
#1179=EDGE_LOOP('',(#334,#335,#336,#337,#338,#339,#340,#341,#342,#343,#344,
#345));
#1180=EDGE_LOOP('',(#346));
#1181=EDGE_LOOP('',(#347));
#1182=EDGE_LOOP('',(#348,#349,#350,#351,#352,#353,#354,#355));
#1183=EDGE_LOOP('',(#356,#357,#358,#359,#360,#361,#362,#363));
#1184=EDGE_LOOP('',(#364));
#1185=EDGE_LOOP('',(#365));
#1186=EDGE_LOOP('',(#366,#367,#368,#369,#370,#371,#372,#373,#374,#375));
#1187=EDGE_LOOP('',(#376,#377,#378,#379));
#1188=EDGE_LOOP('',(#380,#381,#382,#383));
#1189=EDGE_LOOP('',(#384,#385,#386,#387));
#1190=EDGE_LOOP('',(#388,#389,#390,#391));
#1191=EDGE_LOOP('',(#392,#393,#394,#395));
#1192=EDGE_LOOP('',(#396));
#1193=EDGE_LOOP('',(#397));
#1194=EDGE_LOOP('',(#398));
#1195=EDGE_LOOP('',(#399));
#1196=EDGE_LOOP('',(#400,#401,#402,#403,#404,#405,#406,#407,#408,#409));
#1197=EDGE_LOOP('',(#410));
#1198=EDGE_LOOP('',(#411));
#1199=EDGE_LOOP('',(#412));
#1200=EDGE_LOOP('',(#413));
#1201=EDGE_LOOP('',(#414,#415,#416,#417,#418,#419,#420,#421,#422,#423,#424,
#425));
#1202=EDGE_LOOP('',(#426));
#1203=EDGE_LOOP('',(#427));
#1204=EDGE_LOOP('',(#428));
#1205=EDGE_LOOP('',(#429));
#1206=EDGE_LOOP('',(#430));
#1207=EDGE_LOOP('',(#431));
#1208=EDGE_LOOP('',(#432));
#1209=EDGE_LOOP('',(#433));
#1210=EDGE_LOOP('',(#434,#435,#436,#437,#438));
#1211=EDGE_LOOP('',(#439,#440,#441,#442,#443));
#1212=EDGE_LOOP('',(#444,#445,#446,#447,#448));
#1213=EDGE_LOOP('',(#449,#450,#451,#452,#453));
#1214=EDGE_LOOP('',(#454,#455,#456,#457));
#1215=EDGE_LOOP('',(#458,#459,#460,#461));
#1216=EDGE_LOOP('',(#462,#463,#464,#465));
#1217=EDGE_LOOP('',(#466,#467,#468,#469));
#1218=EDGE_LOOP('',(#470,#471,#472,#473));
#1219=EDGE_LOOP('',(#474,#475,#476,#477));
#1220=EDGE_LOOP('',(#478,#479,#480,#481));
#1221=EDGE_LOOP('',(#482,#483,#484,#485));
#1222=EDGE_LOOP('',(#486,#487,#488,#489));
#1223=EDGE_LOOP('',(#490,#491,#492,#493));
#1224=EDGE_LOOP('',(#494,#495,#496,#497));
#1225=EDGE_LOOP('',(#498,#499,#500,#501));
#1226=EDGE_LOOP('',(#502,#503,#504,#505));
#1227=EDGE_LOOP('',(#506,#507,#508,#509));
#1228=EDGE_LOOP('',(#510,#511,#512,#513));
#1229=EDGE_LOOP('',(#514,#515,#516,#517));
#1230=EDGE_LOOP('',(#518,#519,#520,#521));
#1231=EDGE_LOOP('',(#522,#523,#524,#525));
#1232=EDGE_LOOP('',(#526,#527,#528,#529));
#1233=EDGE_LOOP('',(#530,#531,#532,#533));
#1234=EDGE_LOOP('',(#534,#535,#536,#537));
#1235=EDGE_LOOP('',(#538,#539,#540,#541));
#1236=EDGE_LOOP('',(#542,#543,#544,#545));
#1237=EDGE_LOOP('',(#546,#547,#548,#549));
#1238=EDGE_LOOP('',(#550,#551,#552,#553));
#1239=EDGE_LOOP('',(#554,#555,#556,#557));
#1240=EDGE_LOOP('',(#558,#559,#560));
#1241=EDGE_LOOP('',(#561,#562,#563,#564));
#1242=EDGE_LOOP('',(#565,#566,#567,#568));
#1243=EDGE_LOOP('',(#569,#570,#571,#572));
#1244=EDGE_LOOP('',(#573,#574,#575));
#1245=EDGE_LOOP('',(#576,#577,#578));
#1246=EDGE_LOOP('',(#579,#580,#581,#582));
#1247=EDGE_LOOP('',(#583,#584,#585,#586));
#1248=EDGE_LOOP('',(#587,#588,#589,#590));
#1249=EDGE_LOOP('',(#591,#592,#593));
#1250=EDGE_LOOP('',(#594,#595,#596,#597));
#1251=EDGE_LOOP('',(#598,#599,#600,#601));
#1252=EDGE_LOOP('',(#602,#603,#604,#605));
#1253=EDGE_LOOP('',(#606,#607,#608,#609));
#1254=EDGE_LOOP('',(#610,#611,#612,#613));
#1255=EDGE_LOOP('',(#614,#615,#616,#617));
#1256=EDGE_LOOP('',(#618,#619,#620,#621));
#1257=EDGE_LOOP('',(#622,#623,#624,#625,#626,#627));
#1258=FACE_BOUND('',#1148,.T.);
#1259=FACE_BOUND('',#1149,.T.);
#1260=FACE_BOUND('',#1150,.T.);
#1261=FACE_BOUND('',#1151,.T.);
#1262=FACE_BOUND('',#1152,.T.);
#1263=FACE_BOUND('',#1153,.T.);
#1264=FACE_BOUND('',#1154,.T.);
#1265=FACE_BOUND('',#1155,.T.);
#1266=FACE_BOUND('',#1156,.T.);
#1267=FACE_BOUND('',#1157,.T.);
#1268=FACE_BOUND('',#1158,.T.);
#1269=FACE_BOUND('',#1159,.T.);
#1270=FACE_BOUND('',#1160,.T.);
#1271=FACE_BOUND('',#1161,.T.);
#1272=FACE_BOUND('',#1162,.T.);
#1273=FACE_BOUND('',#1163,.T.);
#1274=FACE_BOUND('',#1164,.T.);
#1275=FACE_BOUND('',#1165,.T.);
#1276=FACE_BOUND('',#1166,.T.);
#1277=FACE_BOUND('',#1167,.T.);
#1278=FACE_BOUND('',#1168,.T.);
#1279=FACE_BOUND('',#1169,.T.);
#1280=FACE_BOUND('',#1170,.T.);
#1281=FACE_BOUND('',#1171,.T.);
#1282=FACE_BOUND('',#1172,.T.);
#1283=FACE_BOUND('',#1173,.T.);
#1284=FACE_BOUND('',#1174,.T.);
#1285=FACE_BOUND('',#1175,.T.);
#1286=FACE_BOUND('',#1176,.T.);
#1287=FACE_BOUND('',#1177,.T.);
#1288=FACE_BOUND('',#1178,.T.);
#1289=FACE_BOUND('',#1179,.T.);
#1290=FACE_BOUND('',#1180,.T.);
#1291=FACE_BOUND('',#1181,.T.);
#1292=FACE_BOUND('',#1182,.T.);
#1293=FACE_BOUND('',#1183,.T.);
#1294=FACE_BOUND('',#1184,.T.);
#1295=FACE_BOUND('',#1185,.T.);
#1296=FACE_BOUND('',#1186,.T.);
#1297=FACE_BOUND('',#1187,.T.);
#1298=FACE_BOUND('',#1188,.T.);
#1299=FACE_BOUND('',#1189,.T.);
#1300=FACE_BOUND('',#1190,.T.);
#1301=FACE_BOUND('',#1191,.T.);
#1302=FACE_BOUND('',#1192,.T.);
#1303=FACE_BOUND('',#1193,.T.);
#1304=FACE_BOUND('',#1194,.T.);
#1305=FACE_BOUND('',#1195,.T.);
#1306=FACE_BOUND('',#1196,.T.);
#1307=FACE_BOUND('',#1197,.T.);
#1308=FACE_BOUND('',#1198,.T.);
#1309=FACE_BOUND('',#1199,.T.);
#1310=FACE_BOUND('',#1200,.T.);
#1311=FACE_BOUND('',#1201,.T.);
#1312=FACE_BOUND('',#1202,.T.);
#1313=FACE_BOUND('',#1203,.T.);
#1314=FACE_BOUND('',#1204,.T.);
#1315=FACE_BOUND('',#1205,.T.);
#1316=FACE_BOUND('',#1206,.T.);
#1317=FACE_BOUND('',#1207,.T.);
#1318=FACE_BOUND('',#1208,.T.);
#1319=FACE_BOUND('',#1209,.T.);
#1320=FACE_BOUND('',#1210,.T.);
#1321=FACE_BOUND('',#1211,.T.);
#1322=FACE_BOUND('',#1212,.T.);
#1323=FACE_BOUND('',#1213,.T.);
#1324=FACE_BOUND('',#1214,.T.);
#1325=FACE_BOUND('',#1215,.T.);
#1326=FACE_BOUND('',#1216,.T.);
#1327=FACE_BOUND('',#1217,.T.);
#1328=FACE_BOUND('',#1218,.T.);
#1329=FACE_BOUND('',#1219,.T.);
#1330=FACE_BOUND('',#1220,.T.);
#1331=FACE_BOUND('',#1221,.T.);
#1332=FACE_BOUND('',#1222,.T.);
#1333=FACE_BOUND('',#1223,.T.);
#1334=FACE_BOUND('',#1224,.T.);
#1335=FACE_BOUND('',#1225,.T.);
#1336=FACE_BOUND('',#1226,.T.);
#1337=FACE_BOUND('',#1227,.T.);
#1338=FACE_BOUND('',#1228,.T.);
#1339=FACE_BOUND('',#1229,.T.);
#1340=FACE_BOUND('',#1230,.T.);
#1341=FACE_BOUND('',#1231,.T.);
#1342=FACE_BOUND('',#1232,.T.);
#1343=FACE_BOUND('',#1233,.T.);
#1344=FACE_BOUND('',#1234,.T.);
#1345=FACE_BOUND('',#1235,.T.);
#1346=FACE_BOUND('',#1236,.T.);
#1347=FACE_BOUND('',#1237,.T.);
#1348=FACE_BOUND('',#1238,.T.);
#1349=FACE_BOUND('',#1239,.T.);
#1350=FACE_BOUND('',#1240,.T.);
#1351=FACE_BOUND('',#1241,.T.);
#1352=FACE_BOUND('',#1242,.T.);
#1353=FACE_BOUND('',#1243,.T.);
#1354=FACE_BOUND('',#1244,.T.);
#1355=FACE_BOUND('',#1245,.T.);
#1356=FACE_BOUND('',#1246,.T.);
#1357=FACE_BOUND('',#1247,.T.);
#1358=FACE_BOUND('',#1248,.T.);
#1359=FACE_BOUND('',#1249,.T.);
#1360=FACE_BOUND('',#1250,.T.);
#1361=FACE_BOUND('',#1251,.T.);
#1362=FACE_BOUND('',#1252,.T.);
#1363=FACE_BOUND('',#1253,.T.);
#1364=FACE_BOUND('',#1254,.T.);
#1365=FACE_BOUND('',#1255,.T.);
#1366=FACE_BOUND('',#1256,.T.);
#1367=FACE_BOUND('',#1257,.T.);
#1368=B_SPLINE_SURFACE_WITH_KNOTS('',3,1,((#2078,#2079),(#2080,#2081),(#2082,
#2083),(#2084,#2085),(#2086,#2087),(#2088,#2089),(#2090,#2091)),
 .SURF_OF_LINEAR_EXTRUSION.,.F.,.F.,.F.,(4,1,1,1,4),(2,2),(0.,0.25,0.5,
0.75,1.),(0.,1.),.UNSPECIFIED.);
#1369=B_SPLINE_SURFACE_WITH_KNOTS('',3,1,((#2118,#2119),(#2120,#2121),(#2122,
#2123),(#2124,#2125),(#2126,#2127),(#2128,#2129),(#2130,#2131)),
 .SURF_OF_LINEAR_EXTRUSION.,.F.,.F.,.F.,(4,1,1,1,4),(2,2),(0.,0.25,0.5,
0.75,1.),(0.,1.),.UNSPECIFIED.);
#1370=B_SPLINE_SURFACE_WITH_KNOTS('',3,1,((#2155,#2156),(#2157,#2158),(#2159,
#2160),(#2161,#2162),(#2163,#2164),(#2165,#2166),(#2167,#2168)),
 .SURF_OF_LINEAR_EXTRUSION.,.F.,.F.,.F.,(4,1,1,1,4),(2,2),(0.,0.25,0.5,
0.75,1.),(0.,1.),.UNSPECIFIED.);
#1371=B_SPLINE_SURFACE_WITH_KNOTS('',3,1,((#2211,#2212),(#2213,#2214),(#2215,
#2216),(#2217,#2218),(#2219,#2220),(#2221,#2222),(#2223,#2224)),
 .SURF_OF_LINEAR_EXTRUSION.,.F.,.F.,.F.,(4,1,1,1,4),(2,2),(0.,0.25,0.5,
0.75,1.),(0.,1.),.UNSPECIFIED.);
#1372=ADVANCED_FACE('',(#1258),#1368,.F.);
#1373=ADVANCED_FACE('',(#1259),#168,.F.);
#1374=ADVANCED_FACE('',(#1260),#1369,.F.);
#1375=ADVANCED_FACE('',(#1261),#169,.F.);
#1376=ADVANCED_FACE('',(#1262),#1370,.F.);
#1377=ADVANCED_FACE('',(#1263),#126,.F.);
#1378=ADVANCED_FACE('',(#1264),#127,.F.);
#1379=ADVANCED_FACE('',(#1265),#1371,.F.);
#1380=ADVANCED_FACE('',(#1266),#128,.F.);
#1381=ADVANCED_FACE('',(#1267),#170,.F.);
#1382=ADVANCED_FACE('',(#1268),#129,.F.);
#1383=ADVANCED_FACE('',(#1269),#171,.F.);
#1384=ADVANCED_FACE('',(#1270),#130,.F.);
#1385=ADVANCED_FACE('',(#1271),#172,.T.);
#1386=ADVANCED_FACE('',(#1272),#131,.F.);
#1387=ADVANCED_FACE('',(#1273),#132,.F.);
#1388=ADVANCED_FACE('',(#1274),#173,.F.);
#1389=ADVANCED_FACE('',(#1275),#133,.F.);
#1390=ADVANCED_FACE('',(#1276),#174,.F.);
#1391=ADVANCED_FACE('',(#1277),#134,.F.);
#1392=ADVANCED_FACE('',(#1278),#175,.T.);
#1393=ADVANCED_FACE('',(#1279),#135,.F.);
#1394=ADVANCED_FACE('',(#1280,#1281),#136,.F.);
#1395=ADVANCED_FACE('',(#1282,#1283),#137,.F.);
#1396=ADVANCED_FACE('',(#1284),#176,.T.);
#1397=ADVANCED_FACE('',(#1285),#177,.T.);
#1398=ADVANCED_FACE('',(#1286),#178,.F.);
#1399=ADVANCED_FACE('',(#1287,#1288,#1289,#1290,#1291),#179,.T.);
#1400=ADVANCED_FACE('',(#1292,#1293,#1294,#1295,#1296),#180,.F.);
#1401=ADVANCED_FACE('',(#1297),#181,.F.);
#1402=ADVANCED_FACE('',(#1298),#138,.T.);
#1403=ADVANCED_FACE('',(#1299),#182,.F.);
#1404=ADVANCED_FACE('',(#1300),#139,.T.);
#1405=ADVANCED_FACE('',(#1301),#183,.T.);
#1406=ADVANCED_FACE('',(#1302,#1303,#1304,#1305,#1306),#184,.T.);
#1407=ADVANCED_FACE('',(#1307,#1308,#1309,#1310,#1311),#185,.T.);
#1408=ADVANCED_FACE('',(#1312,#1313),#140,.F.);
#1409=ADVANCED_FACE('',(#1314,#1315),#141,.F.);
#1410=ADVANCED_FACE('',(#1316,#1317),#142,.F.);
#1411=ADVANCED_FACE('',(#1318,#1319),#143,.F.);
#1412=ADVANCED_FACE('',(#1320),#186,.F.);
#1413=ADVANCED_FACE('',(#1321),#187,.T.);
#1414=ADVANCED_FACE('',(#1322),#144,.T.);
#1415=ADVANCED_FACE('',(#1323),#145,.T.);
#1416=ADVANCED_FACE('',(#1324),#146,.T.);
#1417=ADVANCED_FACE('',(#1325),#147,.F.);
#1418=ADVANCED_FACE('',(#1326),#148,.F.);
#1419=ADVANCED_FACE('',(#1327),#149,.T.);
#1420=ADVANCED_FACE('',(#1328),#22,.T.);
#1421=ADVANCED_FACE('',(#1329),#23,.T.);
#1422=ADVANCED_FACE('',(#1330),#150,.T.);
#1423=ADVANCED_FACE('',(#1331),#151,.T.);
#1424=ADVANCED_FACE('',(#1332),#24,.T.);
#1425=ADVANCED_FACE('',(#1333),#25,.T.);
#1426=ADVANCED_FACE('',(#1334),#152,.T.);
#1427=ADVANCED_FACE('',(#1335),#153,.T.);
#1428=ADVANCED_FACE('',(#1336),#26,.T.);
#1429=ADVANCED_FACE('',(#1337),#27,.T.);
#1430=ADVANCED_FACE('',(#1338),#154,.T.);
#1431=ADVANCED_FACE('',(#1339),#155,.T.);
#1432=ADVANCED_FACE('',(#1340),#28,.T.);
#1433=ADVANCED_FACE('',(#1341),#29,.T.);
#1434=ADVANCED_FACE('',(#1342),#156,.T.);
#1435=ADVANCED_FACE('',(#1343),#30,.T.);
#1436=ADVANCED_FACE('',(#1344),#157,.T.);
#1437=ADVANCED_FACE('',(#1345),#158,.T.);
#1438=ADVANCED_FACE('',(#1346),#16,.T.);
#1439=ADVANCED_FACE('',(#1347),#31,.T.);
#1440=ADVANCED_FACE('',(#1348),#159,.T.);
#1441=ADVANCED_FACE('',(#1349),#160,.T.);
#1442=ADVANCED_FACE('',(#1350),#12,.T.);
#1443=ADVANCED_FACE('',(#1351),#17,.T.);
#1444=ADVANCED_FACE('',(#1352),#161,.T.);
#1445=ADVANCED_FACE('',(#1353),#162,.T.);
#1446=ADVANCED_FACE('',(#1354),#13,.T.);
#1447=ADVANCED_FACE('',(#1355),#14,.T.);
#1448=ADVANCED_FACE('',(#1356),#32,.T.);
#1449=ADVANCED_FACE('',(#1357),#163,.T.);
#1450=ADVANCED_FACE('',(#1358),#18,.T.);
#1451=ADVANCED_FACE('',(#1359),#15,.T.);
#1452=ADVANCED_FACE('',(#1360),#164,.T.);
#1453=ADVANCED_FACE('',(#1361),#33,.T.);
#1454=ADVANCED_FACE('',(#1362),#19,.T.);
#1455=ADVANCED_FACE('',(#1363),#20,.T.);
#1456=ADVANCED_FACE('',(#1364),#165,.T.);
#1457=ADVANCED_FACE('',(#1365),#166,.T.);
#1458=ADVANCED_FACE('',(#1366),#21,.T.);
#1459=ADVANCED_FACE('',(#1367),#167,.F.);
#1460=CLOSED_SHELL('',(#1372,#1373,#1374,#1375,#1376,#1377,#1378,#1379,
#1380,#1381,#1382,#1383,#1384,#1385,#1386,#1387,#1388,#1389,#1390,#1391,
#1392,#1393,#1394,#1395,#1396,#1397,#1398,#1399,#1400,#1401,#1402,#1403,
#1404,#1405,#1406,#1407,#1408,#1409,#1410,#1411,#1412,#1413,#1414,#1415,
#1416,#1417,#1418,#1419,#1420,#1421,#1422,#1423,#1424,#1425,#1426,#1427,
#1428,#1429,#1430,#1431,#1432,#1433,#1434,#1435,#1436,#1437,#1438,#1439,
#1440,#1441,#1442,#1443,#1444,#1445,#1446,#1447,#1448,#1449,#1450,#1451,
#1452,#1453,#1454,#1455,#1456,#1457,#1458,#1459));
#1461=STYLED_ITEM('',(#1462),#1469);
#1462=PRESENTATION_STYLE_ASSIGNMENT((#1463));
#1463=SURFACE_STYLE_USAGE(.BOTH.,#1464);
#1464=SURFACE_SIDE_STYLE('',(#1465));
#1465=SURFACE_STYLE_FILL_AREA(#1466);
#1466=FILL_AREA_STYLE('',(#1467));
#1467=FILL_AREA_STYLE_COLOUR('',#1468);
#1468=COLOUR_RGB('',0.768627450980392,0.886274509803922,0.952941176470588);
#1469=MANIFOLD_SOLID_BREP('OMX-AI_D405_Camera_Frame',#1460);
#1470=SHAPE_DEFINITION_REPRESENTATION(#2794,#1471);
#1471=SHAPE_REPRESENTATION('OMX-AI_D405_Camera_Frame',(#1472),#2789);
#1472=AXIS2_PLACEMENT_3D('',#2077,#1643,#1644);
#1473=AXIS2_PLACEMENT_3D('',#2112,#1647,#1648);
#1474=AXIS2_PLACEMENT_3D('',#2149,#1653,#1654);
#1475=AXIS2_PLACEMENT_3D('',#2186,#1659,#1660);
#1476=AXIS2_PLACEMENT_3D('',#2190,#1662,#1663);
#1477=AXIS2_PLACEMENT_3D('',#2191,#1664,#1665);
#1478=AXIS2_PLACEMENT_3D('',#2197,#1666,#1667);
#1479=AXIS2_PLACEMENT_3D('',#2201,#1669,#1670);
#1480=AXIS2_PLACEMENT_3D('',#2210,#1672,#1673);
#1481=AXIS2_PLACEMENT_3D('',#2242,#1675,#1676);
#1482=AXIS2_PLACEMENT_3D('',#2246,#1678,#1679);
#1483=AXIS2_PLACEMENT_3D('',#2250,#1681,#1682);
#1484=AXIS2_PLACEMENT_3D('',#2251,#1683,#1684);
#1485=AXIS2_PLACEMENT_3D('',#2257,#1688,#1689);
#1486=AXIS2_PLACEMENT_3D('',#2261,#1691,#1692);
#1487=AXIS2_PLACEMENT_3D('',#2262,#1693,#1694);
#1488=AXIS2_PLACEMENT_3D('',#2263,#1695,#1696);
#1489=AXIS2_PLACEMENT_3D('',#2269,#1700,#1701);
#1490=AXIS2_PLACEMENT_3D('',#2273,#1703,#1704);
#1491=AXIS2_PLACEMENT_3D('',#2274,#1705,#1706);
#1492=AXIS2_PLACEMENT_3D('',#2275,#1707,#1708);
#1493=AXIS2_PLACEMENT_3D('',#2281,#1712,#1713);
#1494=AXIS2_PLACEMENT_3D('',#2285,#1715,#1716);
#1495=AXIS2_PLACEMENT_3D('',#2286,#1717,#1718);
#1496=AXIS2_PLACEMENT_3D('',#2287,#1719,#1720);
#1497=AXIS2_PLACEMENT_3D('',#2291,#1722,#1723);
#1498=AXIS2_PLACEMENT_3D('',#2295,#1725,#1726);
#1499=AXIS2_PLACEMENT_3D('',#2296,#1727,#1728);
#1500=AXIS2_PLACEMENT_3D('',#2302,#1732,#1733);
#1501=AXIS2_PLACEMENT_3D('',#2306,#1735,#1736);
#1502=AXIS2_PLACEMENT_3D('',#2307,#1737,#1738);
#1503=AXIS2_PLACEMENT_3D('',#2308,#1739,#1740);
#1504=AXIS2_PLACEMENT_3D('',#2314,#1744,#1745);
#1505=AXIS2_PLACEMENT_3D('',#2318,#1747,#1748);
#1506=AXIS2_PLACEMENT_3D('',#2319,#1749,#1750);
#1507=AXIS2_PLACEMENT_3D('',#2320,#1751,#1752);
#1508=AXIS2_PLACEMENT_3D('',#2326,#1756,#1757);
#1509=AXIS2_PLACEMENT_3D('',#2330,#1759,#1760);
#1510=AXIS2_PLACEMENT_3D('',#2331,#1761,#1762);
#1511=AXIS2_PLACEMENT_3D('',#2332,#1763,#1764);
#1512=AXIS2_PLACEMENT_3D('',#2333,#1765,#1766);
#1513=AXIS2_PLACEMENT_3D('',#2335,#1767,#1768);
#1514=AXIS2_PLACEMENT_3D('',#2337,#1769,#1770);
#1515=AXIS2_PLACEMENT_3D('',#2338,#1771,#1772);
#1516=AXIS2_PLACEMENT_3D('',#2340,#1773,#1774);
#1517=AXIS2_PLACEMENT_3D('',#2342,#1775,#1776);
#1518=AXIS2_PLACEMENT_3D('',#2345,#1779,#1780);
#1519=AXIS2_PLACEMENT_3D('',#2348,#1783,#1784);
#1520=AXIS2_PLACEMENT_3D('',#2351,#1787,#1788);
#1521=AXIS2_PLACEMENT_3D('',#2352,#1789,#1790);
#1522=AXIS2_PLACEMENT_3D('',#2357,#1792,#1793);
#1523=AXIS2_PLACEMENT_3D('',#2361,#1795,#1796);
#1524=AXIS2_PLACEMENT_3D('',#2365,#1798,#1799);
#1525=AXIS2_PLACEMENT_3D('',#2368,#1801,#1802);
#1526=AXIS2_PLACEMENT_3D('',#2373,#1804,#1805);
#1527=AXIS2_PLACEMENT_3D('',#2377,#1807,#1808);
#1528=AXIS2_PLACEMENT_3D('',#2381,#1810,#1811);
#1529=AXIS2_PLACEMENT_3D('',#2389,#1815,#1816);
#1530=AXIS2_PLACEMENT_3D('',#2429,#1820,#1821);
#1531=AXIS2_PLACEMENT_3D('',#2432,#1823,#1824);
#1532=AXIS2_PLACEMENT_3D('',#2434,#1826,#1827);
#1533=AXIS2_PLACEMENT_3D('',#2443,#1832,#1833);
#1534=AXIS2_PLACEMENT_3D('',#2444,#1834,#1835);
#1535=AXIS2_PLACEMENT_3D('',#2448,#1837,#1838);
#1536=AXIS2_PLACEMENT_3D('',#2449,#1839,#1840);
#1537=AXIS2_PLACEMENT_3D('',#2455,#1844,#1845);
#1538=AXIS2_PLACEMENT_3D('',#2456,#1846,#1847);
#1539=AXIS2_PLACEMENT_3D('',#2460,#1849,#1850);
#1540=AXIS2_PLACEMENT_3D('',#2461,#1851,#1852);
#1541=AXIS2_PLACEMENT_3D('',#2467,#1856,#1857);
#1542=AXIS2_PLACEMENT_3D('',#2468,#1858,#1859);
#1543=AXIS2_PLACEMENT_3D('',#2470,#1860,#1861);
#1544=AXIS2_PLACEMENT_3D('',#2472,#1862,#1863);
#1545=AXIS2_PLACEMENT_3D('',#2474,#1864,#1865);
#1546=AXIS2_PLACEMENT_3D('',#2476,#1866,#1867);
#1547=AXIS2_PLACEMENT_3D('',#2485,#1871,#1872);
#1548=AXIS2_PLACEMENT_3D('',#2489,#1874,#1875);
#1549=AXIS2_PLACEMENT_3D('',#2493,#1877,#1878);
#1550=AXIS2_PLACEMENT_3D('',#2496,#1880,#1881);
#1551=AXIS2_PLACEMENT_3D('',#2497,#1882,#1883);
#1552=AXIS2_PLACEMENT_3D('',#2499,#1884,#1885);
#1553=AXIS2_PLACEMENT_3D('',#2501,#1886,#1887);
#1554=AXIS2_PLACEMENT_3D('',#2503,#1888,#1889);
#1555=AXIS2_PLACEMENT_3D('',#2505,#1890,#1891);
#1556=AXIS2_PLACEMENT_3D('',#2510,#1893,#1894);
#1557=AXIS2_PLACEMENT_3D('',#2514,#1896,#1897);
#1558=AXIS2_PLACEMENT_3D('',#2515,#1898,#1899);
#1559=AXIS2_PLACEMENT_3D('',#2518,#1901,#1902);
#1560=AXIS2_PLACEMENT_3D('',#2519,#1903,#1904);
#1561=AXIS2_PLACEMENT_3D('',#2520,#1905,#1906);
#1562=AXIS2_PLACEMENT_3D('',#2521,#1907,#1908);
#1563=AXIS2_PLACEMENT_3D('',#2522,#1909,#1910);
#1564=AXIS2_PLACEMENT_3D('',#2530,#1915,#1916);
#1565=AXIS2_PLACEMENT_3D('',#2538,#1921,#1922);
#1566=AXIS2_PLACEMENT_3D('',#2539,#1923,#1924);
#1567=AXIS2_PLACEMENT_3D('',#2544,#1925,#1926);
#1568=AXIS2_PLACEMENT_3D('',#2545,#1927,#1928);
#1569=AXIS2_PLACEMENT_3D('',#2550,#1929,#1930);
#1570=AXIS2_PLACEMENT_3D('',#2551,#1931,#1932);
#1571=AXIS2_PLACEMENT_3D('',#2552,#1933,#1934);
#1572=AXIS2_PLACEMENT_3D('',#2553,#1935,#1936);
#1573=AXIS2_PLACEMENT_3D('',#2554,#1937,#1938);
#1574=AXIS2_PLACEMENT_3D('',#2555,#1939,#1940);
#1575=AXIS2_PLACEMENT_3D('',#2556,#1941,#1942);
#1576=AXIS2_PLACEMENT_3D('',#2557,#1943,#1944);
#1577=AXIS2_PLACEMENT_3D('',#2558,#1945,#1946);
#1578=AXIS2_PLACEMENT_3D('',#2559,#1947,#1948);
#1579=AXIS2_PLACEMENT_3D('',#2560,#1949,#1950);
#1580=AXIS2_PLACEMENT_3D('',#2561,#1951,#1952);
#1581=AXIS2_PLACEMENT_3D('',#2562,#1953,#1954);
#1582=AXIS2_PLACEMENT_3D('',#2563,#1955,#1956);
#1583=AXIS2_PLACEMENT_3D('',#2564,#1957,#1958);
#1584=AXIS2_PLACEMENT_3D('',#2565,#1959,#1960);
#1585=AXIS2_PLACEMENT_3D('',#2566,#1961,#1962);
#1586=AXIS2_PLACEMENT_3D('',#2567,#1963,#1964);
#1587=AXIS2_PLACEMENT_3D('',#2568,#1965,#1966);
#1588=AXIS2_PLACEMENT_3D('',#2569,#1967,#1968);
#1589=AXIS2_PLACEMENT_3D('',#2570,#1969,#1970);
#1590=AXIS2_PLACEMENT_3D('',#2571,#1971,#1972);
#1591=AXIS2_PLACEMENT_3D('',#2572,#1973,#1974);
#1592=AXIS2_PLACEMENT_3D('',#2573,#1975,#1976);
#1593=AXIS2_PLACEMENT_3D('',#2574,#1977,#1978);
#1594=AXIS2_PLACEMENT_3D('',#2575,#1979,#1980);
#1595=AXIS2_PLACEMENT_3D('',#2576,#1981,#1982);
#1596=AXIS2_PLACEMENT_3D('',#2577,#1983,#1984);
#1597=AXIS2_PLACEMENT_3D('',#2578,#1985,#1986);
#1598=AXIS2_PLACEMENT_3D('',#2579,#1987,#1988);
#1599=AXIS2_PLACEMENT_3D('',#2580,#1989,#1990);
#1600=AXIS2_PLACEMENT_3D('',#2581,#1991,#1992);
#1601=AXIS2_PLACEMENT_3D('',#2582,#1993,#1994);
#1602=AXIS2_PLACEMENT_3D('',#2583,#1995,#1996);
#1603=AXIS2_PLACEMENT_3D('',#2584,#1997,#1998);
#1604=AXIS2_PLACEMENT_3D('',#2585,#1999,#2000);
#1605=AXIS2_PLACEMENT_3D('',#2586,#2001,#2002);
#1606=AXIS2_PLACEMENT_3D('',#2587,#2003,#2004);
#1607=AXIS2_PLACEMENT_3D('',#2588,#2005,#2006);
#1608=AXIS2_PLACEMENT_3D('',#2589,#2007,#2008);
#1609=AXIS2_PLACEMENT_3D('',#2590,#2009,#2010);
#1610=AXIS2_PLACEMENT_3D('',#2591,#2011,#2012);
#1611=AXIS2_PLACEMENT_3D('',#2592,#2013,#2014);
#1612=AXIS2_PLACEMENT_3D('',#2593,#2015,#2016);
#1613=AXIS2_PLACEMENT_3D('',#2594,#2017,#2018);
#1614=AXIS2_PLACEMENT_3D('',#2595,#2019,#2020);
#1615=AXIS2_PLACEMENT_3D('',#2608,#2021,#2022);
#1616=AXIS2_PLACEMENT_3D('',#2609,#2023,#2024);
#1617=AXIS2_PLACEMENT_3D('',#2610,#2025,#2026);
#1618=AXIS2_PLACEMENT_3D('',#2611,#2027,#2028);
#1619=AXIS2_PLACEMENT_3D('',#2612,#2029,#2030);
#1620=AXIS2_PLACEMENT_3D('',#2613,#2031,#2032);
#1621=AXIS2_PLACEMENT_3D('',#2614,#2033,#2034);
#1622=AXIS2_PLACEMENT_3D('',#2615,#2035,#2036);
#1623=AXIS2_PLACEMENT_3D('',#2616,#2037,#2038);
#1624=AXIS2_PLACEMENT_3D('',#2629,#2039,#2040);
#1625=AXIS2_PLACEMENT_3D('',#2630,#2041,#2042);
#1626=AXIS2_PLACEMENT_3D('',#2631,#2043,#2044);
#1627=AXIS2_PLACEMENT_3D('',#2632,#2045,#2046);
#1628=AXIS2_PLACEMENT_3D('',#2633,#2047,#2048);
#1629=AXIS2_PLACEMENT_3D('',#2634,#2049,#2050);
#1630=AXIS2_PLACEMENT_3D('',#2635,#2051,#2052);
#1631=AXIS2_PLACEMENT_3D('',#2636,#2053,#2054);
#1632=AXIS2_PLACEMENT_3D('',#2637,#2055,#2056);
#1633=AXIS2_PLACEMENT_3D('',#2638,#2057,#2058);
#1634=AXIS2_PLACEMENT_3D('',#2643,#2059,#2060);
#1635=AXIS2_PLACEMENT_3D('',#2644,#2061,#2062);
#1636=AXIS2_PLACEMENT_3D('',#2676,#2063,#2064);
#1637=AXIS2_PLACEMENT_3D('',#2677,#2065,#2066);
#1638=AXIS2_PLACEMENT_3D('',#2678,#2067,#2068);
#1639=AXIS2_PLACEMENT_3D('',#2683,#2069,#2070);
#1640=AXIS2_PLACEMENT_3D('',#2747,#2071,#2072);
#1641=AXIS2_PLACEMENT_3D('',#2752,#2073,#2074);
#1642=AXIS2_PLACEMENT_3D('',#2787,#2075,#2076);
#1643=DIRECTION('',(0.,0.,1.));
#1644=DIRECTION('',(1.,0.,0.));
#1645=DIRECTION('',(0.,-1.,0.));
#1646=DIRECTION('',(0.,-1.,0.));
#1647=DIRECTION('',(0.,0.,-1.));
#1648=DIRECTION('',(-1.,0.,0.));
#1649=DIRECTION('',(0.,-1.,0.));
#1650=DIRECTION('',(1.,0.,0.));
#1651=DIRECTION('',(1.,0.,0.));
#1652=DIRECTION('',(0.,-1.,0.));
#1653=DIRECTION('',(-1.,0.,0.));
#1654=DIRECTION('',(0.,0.,1.));
#1655=DIRECTION('',(0.,-1.,0.));
#1656=DIRECTION('',(0.,0.,-1.));
#1657=DIRECTION('',(0.,0.,-1.));
#1658=DIRECTION('',(0.,-1.,0.));
#1659=DIRECTION('',(0.,-1.,0.));
#1660=DIRECTION('',(0.,0.,-1.));
#1661=DIRECTION('',(0.,-1.,0.));
#1662=DIRECTION('',(0.,1.,0.));
#1663=DIRECTION('',(0.,0.,1.));
#1664=DIRECTION('',(0.,1.,0.));
#1665=DIRECTION('',(0.,0.,1.));
#1666=DIRECTION('',(0.,-1.,0.));
#1667=DIRECTION('',(0.,0.,-1.));
#1668=DIRECTION('',(0.,-1.,0.));
#1669=DIRECTION('',(0.,1.,0.));
#1670=DIRECTION('',(0.,0.,1.));
#1671=DIRECTION('',(0.,-1.,0.));
#1672=DIRECTION('',(0.,1.,0.));
#1673=DIRECTION('',(0.,0.,1.));
#1674=DIRECTION('',(0.,-1.,0.));
#1675=DIRECTION('',(0.,-1.,0.));
#1676=DIRECTION('',(0.,0.,-1.));
#1677=DIRECTION('',(0.,-1.,0.));
#1678=DIRECTION('',(0.,1.,0.));
#1679=DIRECTION('',(0.,0.,1.));
#1680=DIRECTION('',(0.,-1.,0.));
#1681=DIRECTION('',(0.,1.,0.));
#1682=DIRECTION('',(0.,0.,1.));
#1683=DIRECTION('',(0.,0.,1.));
#1684=DIRECTION('',(1.,0.,0.));
#1685=DIRECTION('',(0.,-1.,0.));
#1686=DIRECTION('',(-1.,0.,0.));
#1687=DIRECTION('',(-1.,0.,0.));
#1688=DIRECTION('',(0.,-1.,0.));
#1689=DIRECTION('',(0.,0.,-1.));
#1690=DIRECTION('',(0.,-1.,0.));
#1691=DIRECTION('',(0.,1.,0.));
#1692=DIRECTION('',(0.,0.,1.));
#1693=DIRECTION('',(0.,1.,0.));
#1694=DIRECTION('',(0.,0.,1.));
#1695=DIRECTION('',(-1.,0.,0.));
#1696=DIRECTION('',(0.,0.,1.));
#1697=DIRECTION('',(0.,-1.,0.));
#1698=DIRECTION('',(0.,0.,-1.));
#1699=DIRECTION('',(0.,0.,-1.));
#1700=DIRECTION('',(0.,-1.,0.));
#1701=DIRECTION('',(0.,0.,-1.));
#1702=DIRECTION('',(0.,-1.,0.));
#1703=DIRECTION('',(0.,1.,0.));
#1704=DIRECTION('',(0.,0.,1.));
#1705=DIRECTION('',(0.,1.,0.));
#1706=DIRECTION('',(0.,0.,1.));
#1707=DIRECTION('',(0.,0.,1.));
#1708=DIRECTION('',(1.,0.,0.));
#1709=DIRECTION('',(0.,-1.,0.));
#1710=DIRECTION('',(-1.,0.,0.));
#1711=DIRECTION('',(-1.,0.,0.));
#1712=DIRECTION('',(0.,-1.,0.));
#1713=DIRECTION('',(0.,0.,-1.));
#1714=DIRECTION('',(0.,-1.,0.));
#1715=DIRECTION('',(0.,1.,0.));
#1716=DIRECTION('',(0.,0.,1.));
#1717=DIRECTION('',(0.,1.,0.));
#1718=DIRECTION('',(0.,0.,1.));
#1719=DIRECTION('',(0.,-1.,0.));
#1720=DIRECTION('',(0.,0.,-1.));
#1721=DIRECTION('',(0.,-1.,0.));
#1722=DIRECTION('',(0.,1.,0.));
#1723=DIRECTION('',(0.,0.,1.));
#1724=DIRECTION('',(0.,-1.,0.));
#1725=DIRECTION('',(0.,1.,0.));
#1726=DIRECTION('',(0.,0.,1.));
#1727=DIRECTION('',(0.,0.,1.));
#1728=DIRECTION('',(1.,0.,0.));
#1729=DIRECTION('',(0.,-1.,0.));
#1730=DIRECTION('',(-1.,0.,0.));
#1731=DIRECTION('',(-1.,0.,0.));
#1732=DIRECTION('',(0.,-1.,0.));
#1733=DIRECTION('',(0.,0.,-1.));
#1734=DIRECTION('',(0.,-1.,0.));
#1735=DIRECTION('',(0.,1.,0.));
#1736=DIRECTION('',(0.,0.,1.));
#1737=DIRECTION('',(0.,1.,0.));
#1738=DIRECTION('',(0.,0.,1.));
#1739=DIRECTION('',(-1.,0.,0.));
#1740=DIRECTION('',(0.,0.,1.));
#1741=DIRECTION('',(0.,-1.,0.));
#1742=DIRECTION('',(0.,0.,-1.));
#1743=DIRECTION('',(0.,0.,-1.));
#1744=DIRECTION('',(0.,-1.,0.));
#1745=DIRECTION('',(0.,0.,-1.));
#1746=DIRECTION('',(0.,-1.,0.));
#1747=DIRECTION('',(0.,1.,0.));
#1748=DIRECTION('',(0.,0.,1.));
#1749=DIRECTION('',(0.,1.,0.));
#1750=DIRECTION('',(0.,0.,1.));
#1751=DIRECTION('',(0.,0.,1.));
#1752=DIRECTION('',(1.,0.,0.));
#1753=DIRECTION('',(0.,-1.,0.));
#1754=DIRECTION('',(-1.,0.,0.));
#1755=DIRECTION('',(-1.,0.,0.));
#1756=DIRECTION('',(0.,-1.,0.));
#1757=DIRECTION('',(0.,0.,-1.));
#1758=DIRECTION('',(0.,-1.,0.));
#1759=DIRECTION('',(0.,1.,0.));
#1760=DIRECTION('',(0.,0.,1.));
#1761=DIRECTION('',(0.,1.,0.));
#1762=DIRECTION('',(0.,0.,1.));
#1763=DIRECTION('',(0.,-1.,0.));
#1764=DIRECTION('',(0.,0.,-1.));
#1765=DIRECTION('',(0.,1.,0.));
#1766=DIRECTION('',(0.,0.,1.));
#1767=DIRECTION('',(0.,1.,0.));
#1768=DIRECTION('',(0.,0.,1.));
#1769=DIRECTION('',(0.,-1.,0.));
#1770=DIRECTION('',(0.,0.,-1.));
#1771=DIRECTION('',(0.,1.,0.));
#1772=DIRECTION('',(0.,0.,1.));
#1773=DIRECTION('',(0.,1.,0.));
#1774=DIRECTION('',(0.,0.,1.));
#1775=DIRECTION('',(-1.,0.,0.));
#1776=DIRECTION('',(0.,0.,1.));
#1777=DIRECTION('',(0.,0.,-1.));
#1778=DIRECTION('',(0.,0.,-1.));
#1779=DIRECTION('',(-1.,0.,0.));
#1780=DIRECTION('',(0.,0.,1.));
#1781=DIRECTION('',(0.,0.,-1.));
#1782=DIRECTION('',(0.,0.,-1.));
#1783=DIRECTION('',(1.,0.,0.));
#1784=DIRECTION('',(0.,0.,-1.));
#1785=DIRECTION('',(0.,0.,1.));
#1786=DIRECTION('',(0.,0.,1.));
#1787=DIRECTION('',(0.,1.,0.));
#1788=DIRECTION('',(-1.,0.,0.));
#1789=DIRECTION('',(0.,1.,0.));
#1790=DIRECTION('',(0.,0.,1.));
#1791=DIRECTION('',(-1.,0.,0.));
#1792=DIRECTION('',(0.,1.,0.));
#1793=DIRECTION('',(0.,0.,1.));
#1794=DIRECTION('',(0.,0.,-1.));
#1795=DIRECTION('',(0.,1.,0.));
#1796=DIRECTION('',(0.,0.,1.));
#1797=DIRECTION('',(-1.,0.,0.));
#1798=DIRECTION('',(0.,1.,0.));
#1799=DIRECTION('',(0.,0.,1.));
#1800=DIRECTION('',(0.,0.,-1.));
#1801=DIRECTION('',(0.,1.,0.));
#1802=DIRECTION('',(0.,0.,1.));
#1803=DIRECTION('',(-1.,0.,0.));
#1804=DIRECTION('',(0.,1.,0.));
#1805=DIRECTION('',(0.,0.,1.));
#1806=DIRECTION('',(0.,0.,-1.));
#1807=DIRECTION('',(0.,1.,0.));
#1808=DIRECTION('',(0.,0.,1.));
#1809=DIRECTION('',(-1.,0.,0.));
#1810=DIRECTION('',(0.,1.,0.));
#1811=DIRECTION('',(0.,0.,1.));
#1812=DIRECTION('',(0.,0.,-1.));
#1813=DIRECTION('',(1.,0.,0.));
#1814=DIRECTION('',(-0.600005827961744,0.,0.799995628995523));
#1815=DIRECTION('',(0.,1.,0.));
#1816=DIRECTION('',(0.,0.,1.));
#1817=DIRECTION('',(0.,0.,1.));
#1818=DIRECTION('',(1.,0.,0.));
#1819=DIRECTION('',(0.,0.,-1.));
#1820=DIRECTION('',(0.,1.,0.));
#1821=DIRECTION('',(0.,0.,1.));
#1822=DIRECTION('',(0.600005827944697,0.,0.799995629008309));
#1823=DIRECTION('',(0.,1.,0.));
#1824=DIRECTION('',(-1.,0.,0.));
#1825=DIRECTION('',(1.,0.,0.));
#1826=DIRECTION('',(1.,0.,0.));
#1827=DIRECTION('',(0.,0.,-1.));
#1828=DIRECTION('',(0.,1.,-1.26056572587555E-13));
#1829=DIRECTION('',(0.,0.500000000000017,0.866025403784429));
#1830=DIRECTION('',(0.,0.866025403784157,-0.500000000000488));
#1831=DIRECTION('',(0.,-0.500000000000017,-0.866025403784429));
#1832=DIRECTION('',(0.,-0.866025403784429,0.500000000000017));
#1833=DIRECTION('',(0.,-0.500000000000017,-0.866025403784429));
#1834=DIRECTION('',(0.,0.866025403784429,-0.500000000000017));
#1835=DIRECTION('',(0.,0.500000000000017,0.866025403784429));
#1836=DIRECTION('',(0.,0.866025403784429,-0.500000000000017));
#1837=DIRECTION('',(0.,-0.866025403784429,0.500000000000017));
#1838=DIRECTION('',(0.,-0.500000000000017,-0.866025403784429));
#1839=DIRECTION('',(0.,0.500000000000017,0.866025403784429));
#1840=DIRECTION('',(0.,-0.866025403784429,0.500000000000017));
#1841=DIRECTION('',(-1.,0.,0.));
#1842=DIRECTION('',(0.,0.866025403784429,-0.500000000000017));
#1843=DIRECTION('',(1.,0.,0.));
#1844=DIRECTION('',(0.,-0.866025403784429,0.500000000000017));
#1845=DIRECTION('',(0.,-0.500000000000017,-0.866025403784429));
#1846=DIRECTION('',(0.,0.866025403784429,-0.500000000000017));
#1847=DIRECTION('',(0.,0.500000000000017,0.866025403784429));
#1848=DIRECTION('',(0.,0.866025403784429,-0.500000000000017));
#1849=DIRECTION('',(0.,-0.866025403784429,0.500000000000017));
#1850=DIRECTION('',(0.,-0.500000000000017,-0.866025403784429));
#1851=DIRECTION('',(1.,0.,0.));
#1852=DIRECTION('',(0.,0.,-1.));
#1853=DIRECTION('',(0.,-0.500000000000017,-0.866025403784429));
#1854=DIRECTION('',(0.,-1.,1.26056572587555E-13));
#1855=DIRECTION('',(0.,-0.500000000000017,-0.866025403784429));
#1856=DIRECTION('',(0.,0.866025403784429,-0.500000000000017));
#1857=DIRECTION('',(-1.,0.,0.));
#1858=DIRECTION('',(0.,-0.866025403784429,0.500000000000017));
#1859=DIRECTION('',(0.,-0.500000000000017,-0.866025403784429));
#1860=DIRECTION('',(0.,-0.866025403784429,0.500000000000017));
#1861=DIRECTION('',(0.,-0.500000000000017,-0.866025403784429));
#1862=DIRECTION('',(0.,-0.866025403784429,0.500000000000017));
#1863=DIRECTION('',(0.,-0.500000000000017,-0.866025403784429));
#1864=DIRECTION('',(0.,-0.866025403784429,0.500000000000017));
#1865=DIRECTION('',(0.,-0.500000000000017,-0.866025403784429));
#1866=DIRECTION('',(0.,0.866025403784429,-0.500000000000017));
#1867=DIRECTION('',(0.,0.500000000000017,0.866025403784429));
#1868=DIRECTION('',(0.544710593546984,-0.419312046475456,-0.72626976872114));
#1869=DIRECTION('',(1.,0.,0.));
#1870=DIRECTION('',(0.544710593529976,0.419312046480979,0.726269768730707));
#1871=DIRECTION('',(0.,0.866025403784429,-0.500000000000017));
#1872=DIRECTION('',(0.,0.500000000000017,0.866025403784429));
#1873=DIRECTION('',(0.,-0.500000000000017,-0.866025403784429));
#1874=DIRECTION('',(0.,0.866025403784429,-0.500000000000017));
#1875=DIRECTION('',(0.,0.500000000000017,0.866025403784429));
#1876=DIRECTION('',(1.,0.,0.));
#1877=DIRECTION('',(0.,0.866025403784429,-0.500000000000017));
#1878=DIRECTION('',(0.,0.500000000000017,0.866025403784429));
#1879=DIRECTION('',(0.,-0.500000000000017,-0.866025403784429));
#1880=DIRECTION('',(0.,-0.866025403784429,0.500000000000017));
#1881=DIRECTION('',(1.,0.,0.));
#1882=DIRECTION('',(0.,-0.866025403784429,0.500000000000017));
#1883=DIRECTION('',(0.,-0.500000000000017,-0.866025403784429));
#1884=DIRECTION('',(0.,-0.866025403784429,0.500000000000017));
#1885=DIRECTION('',(0.,-0.500000000000017,-0.866025403784429));
#1886=DIRECTION('',(0.,-0.866025403784429,0.500000000000017));
#1887=DIRECTION('',(0.,-0.500000000000017,-0.866025403784429));
#1888=DIRECTION('',(0.,-0.866025403784429,0.500000000000017));
#1889=DIRECTION('',(0.,-0.500000000000017,-0.866025403784429));
#1890=DIRECTION('',(0.,-0.866025403784429,0.500000000000017));
#1891=DIRECTION('',(0.,-0.500000000000017,-0.866025403784429));
#1892=DIRECTION('',(1.,0.,0.));
#1893=DIRECTION('',(0.,-0.866025403784429,0.500000000000017));
#1894=DIRECTION('',(0.,-0.500000000000017,-0.866025403784429));
#1895=DIRECTION('',(0.544710593546984,-0.419312046475456,-0.72626976872114));
#1896=DIRECTION('',(0.,-0.866025403784429,0.500000000000017));
#1897=DIRECTION('',(0.,0.500000000000017,0.866025403784429));
#1898=DIRECTION('',(0.,-0.866025403784429,0.500000000000017));
#1899=DIRECTION('',(0.,0.500000000000017,0.866025403784429));
#1900=DIRECTION('',(-0.544710593530013,-0.419312046480967,-0.726269768730686));
#1901=DIRECTION('',(0.,-0.866025403784429,0.500000000000017));
#1902=DIRECTION('',(0.,-0.500000000000017,-0.866025403784429));
#1903=DIRECTION('',(0.,-0.866025403784429,0.500000000000017));
#1904=DIRECTION('',(0.,-0.500000000000017,-0.866025403784429));
#1905=DIRECTION('',(0.,-0.866025403784429,0.500000000000017));
#1906=DIRECTION('',(0.,-0.500000000000017,-0.866025403784429));
#1907=DIRECTION('',(0.,-0.866025403784429,0.500000000000017));
#1908=DIRECTION('',(0.,-0.500000000000017,-0.866025403784429));
#1909=DIRECTION('',(-0.799995629008309,7.56346782032665E-14,0.600005827944697));
#1910=DIRECTION('',(0.600005827944697,0.,0.799995629008309));
#1911=DIRECTION('',(-1.51462764982507E-29,1.,-1.26056572587555E-13));
#1912=DIRECTION('',(-0.544710593529976,-0.419312046480979,-0.726269768730707));
#1913=DIRECTION('',(-0.600005827944697,6.31088724176809E-30,-0.799995629008309));
#1914=DIRECTION('',(6.05074119640632E-14,1.,-4.53812477166816E-14));
#1915=DIRECTION('',(-0.799995628995523,-7.56346782054155E-14,-0.600005827961744));
#1916=DIRECTION('',(-0.600005827961744,0.,0.799995628995523));
#1917=DIRECTION('',(6.05074119648153E-14,-1.,4.53812477192604E-14));
#1918=DIRECTION('',(-0.600005827961744,0.,0.799995628995523));
#1919=DIRECTION('',(0.544710593546984,-0.419312046475456,-0.72626976872114));
#1920=DIRECTION('',(5.04863623419564E-30,-1.,1.26056572587555E-13));
#1921=DIRECTION('',(0.,-1.,0.));
#1922=DIRECTION('',(0.,0.,-1.));
#1923=DIRECTION('',(0.,-1.,0.));
#1924=DIRECTION('',(0.,0.,-1.));
#1925=DIRECTION('',(0.,-1.,0.));
#1926=DIRECTION('',(0.,0.,-1.));
#1927=DIRECTION('',(0.,-1.,0.));
#1928=DIRECTION('',(0.,0.,-1.));
#1929=DIRECTION('',(1.,0.,0.));
#1930=DIRECTION('',(0.,0.,-1.));
#1931=DIRECTION('',(1.,0.,0.));
#1932=DIRECTION('',(0.,0.,-1.));
#1933=DIRECTION('',(1.,0.,0.));
#1934=DIRECTION('',(0.,0.,-1.));
#1935=DIRECTION('',(0.,1.,-1.26056572587555E-13));
#1936=DIRECTION('',(0.,1.26056572587555E-13,1.));
#1937=DIRECTION('',(0.,-0.654653670707974,0.755928946018457));
#1938=DIRECTION('',(0.,0.755928946018457,0.654653670707974));
#1939=DIRECTION('',(0.,1.,-1.26056572587555E-13));
#1940=DIRECTION('',(0.,1.26056572587555E-13,1.));
#1941=DIRECTION('',(0.,-0.654653670707974,0.755928946018457));
#1942=DIRECTION('',(0.,0.755928946018457,0.654653670707974));
#1943=DIRECTION('',(1.,0.,0.));
#1944=DIRECTION('',(0.,0.,-1.));
#1945=DIRECTION('',(-1.,0.,0.));
#1946=DIRECTION('',(0.,0.,1.));
#1947=DIRECTION('',(1.,0.,0.));
#1948=DIRECTION('',(0.,0.,-1.));
#1949=DIRECTION('',(0.,1.,0.));
#1950=DIRECTION('',(0.,0.,1.));
#1951=DIRECTION('',(0.,0.,-1.));
#1952=DIRECTION('',(-1.,0.,0.));
#1953=DIRECTION('',(0.,1.,0.));
#1954=DIRECTION('',(0.,0.,1.));
#1955=DIRECTION('',(0.,0.,-1.));
#1956=DIRECTION('',(-1.,0.,0.));
#1957=DIRECTION('',(0.,0.,-1.));
#1958=DIRECTION('',(-1.,0.,0.));
#1959=DIRECTION('',(0.,0.,-1.));
#1960=DIRECTION('',(-1.,0.,0.));
#1961=DIRECTION('',(0.,0.,1.));
#1962=DIRECTION('',(1.,0.,0.));
#1963=DIRECTION('',(0.,0.,-1.));
#1964=DIRECTION('',(-1.,0.,0.));
#1965=DIRECTION('',(0.,1.,0.));
#1966=DIRECTION('',(0.,0.,1.));
#1967=DIRECTION('',(-1.,0.,0.));
#1968=DIRECTION('',(0.,0.,1.));
#1969=DIRECTION('',(0.,1.,0.));
#1970=DIRECTION('',(0.,0.,1.));
#1971=DIRECTION('',(1.,0.,0.));
#1972=DIRECTION('',(0.,0.,-1.));
#1973=DIRECTION('',(-1.,0.,0.));
#1974=DIRECTION('',(0.,0.,1.));
#1975=DIRECTION('',(-1.,0.,0.));
#1976=DIRECTION('',(0.,0.,1.));
#1977=DIRECTION('',(-1.,0.,0.));
#1978=DIRECTION('',(0.,0.,1.));
#1979=DIRECTION('',(1.,0.,0.));
#1980=DIRECTION('',(0.,0.,-1.));
#1981=DIRECTION('',(0.,1.,0.));
#1982=DIRECTION('',(0.,0.,1.));
#1983=DIRECTION('',(0.,0.,1.));
#1984=DIRECTION('',(1.,0.,0.));
#1985=DIRECTION('',(0.,1.,0.));
#1986=DIRECTION('',(0.,0.,1.));
#1987=DIRECTION('',(0.,0.,1.));
#1988=DIRECTION('',(1.,0.,0.));
#1989=DIRECTION('',(0.,0.,-1.));
#1990=DIRECTION('',(-1.,0.,0.));
#1991=DIRECTION('',(0.,0.,1.));
#1992=DIRECTION('',(1.,0.,0.));
#1993=DIRECTION('',(0.,0.,1.));
#1994=DIRECTION('',(1.,0.,0.));
#1995=DIRECTION('',(0.,0.,1.));
#1996=DIRECTION('',(1.,0.,0.));
#1997=DIRECTION('',(0.,1.,0.));
#1998=DIRECTION('',(0.,0.,1.));
#1999=DIRECTION('',(-1.,0.,0.));
#2000=DIRECTION('',(0.,0.,1.));
#2001=DIRECTION('',(0.,1.,0.));
#2002=DIRECTION('',(0.,0.,1.));
#2003=DIRECTION('',(1.,0.,0.));
#2004=DIRECTION('',(0.,0.,-1.));
#2005=DIRECTION('',(1.,0.,0.));
#2006=DIRECTION('',(0.,0.,-1.));
#2007=DIRECTION('',(0.,0.866025403784429,-0.500000000000017));
#2008=DIRECTION('',(0.,0.500000000000017,0.866025403784429));
#2009=DIRECTION('',(1.,0.,0.));
#2010=DIRECTION('',(0.,0.,-1.));
#2011=DIRECTION('',(0.,0.500000000000015,0.86602540378443));
#2012=DIRECTION('',(0.,-0.86602540378443,0.500000000000015));
#2013=DIRECTION('',(0.,-0.500000000000017,-0.866025403784429));
#2014=DIRECTION('',(0.,0.866025403784429,-0.500000000000017));
#2015=DIRECTION('',(4.33680868994215E-16,0.500000000000015,0.86602540378443));
#2016=DIRECTION('',(0.,-0.86602540378443,0.500000000000015));
#2017=DIRECTION('',(1.,0.,0.));
#2018=DIRECTION('',(0.,0.,-1.));
#2019=DIRECTION('',(1.,0.,0.));
#2020=DIRECTION('',(0.,0.,-1.));
#2021=DIRECTION('',(-0.544710593546982,0.419312046475455,0.726269768721142));
#2022=DIRECTION('',(0.799995628995503,0.,0.60000582796177));
#2023=DIRECTION('',(0.,0.866025403784429,-0.500000000000017));
#2024=DIRECTION('',(0.,0.500000000000017,0.866025403784429));
#2025=DIRECTION('',(-3.11556272083964E-13,0.500000000000011,0.866025403784432));
#2026=DIRECTION('',(0.,-0.866025403784432,0.500000000000011));
#2027=DIRECTION('',(0.544710593546984,-0.419312046475456,-0.72626976872114));
#2028=DIRECTION('',(-0.799995628995502,0.,-0.600005827961772));
#2029=DIRECTION('',(-0.544710593546979,0.419312046475456,0.726269768721143));
#2030=DIRECTION('',(0.799995628995505,0.,0.600005827961767));
#2031=DIRECTION('',(0.,-0.500000000000017,-0.866025403784429));
#2032=DIRECTION('',(0.,0.866025403784429,-0.500000000000017));
#2033=DIRECTION('',(0.,0.500000000000016,0.86602540378443));
#2034=DIRECTION('',(0.,-0.86602540378443,0.500000000000016));
#2035=DIRECTION('',(-0.799995628995523,-7.56346782054155E-14,-0.600005827961744));
#2036=DIRECTION('',(-0.600005827961744,0.,0.799995628995523));
#2037=DIRECTION('',(-0.600005827961746,0.,0.799995628995521));
#2038=DIRECTION('',(0.799995628995521,0.,0.600005827961746));
#2039=DIRECTION('',(0.544710593529974,0.419312046480979,0.726269768730708));
#2040=DIRECTION('',(0.79999562900829,0.,-0.600005827944722));
#2041=DIRECTION('',(-0.600005827961744,0.,0.799995628995523));
#2042=DIRECTION('',(0.799995628995523,0.,0.600005827961744));
#2043=DIRECTION('',(-0.600005827961738,0.,0.799995628995528));
#2044=DIRECTION('',(0.799995628995528,0.,0.600005827961738));
#2045=DIRECTION('',(0.544710593529976,0.419312046480979,0.726269768730707));
#2046=DIRECTION('',(0.799995629008288,0.,-0.600005827944725));
#2047=DIRECTION('',(0.544710593529979,0.419312046480977,0.726269768730706));
#2048=DIRECTION('',(0.799995629008286,0.,-0.600005827944727));
#2049=DIRECTION('',(0.,1.,0.));
#2050=DIRECTION('',(0.,0.,1.));
#2051=DIRECTION('',(-0.108022789000704,0.,0.994148418022435));
#2052=DIRECTION('',(0.994148418022435,0.,0.108022789000704));
#2053=DIRECTION('',(0.799995629008309,-7.56346782032665E-14,-0.600005827944697));
#2054=DIRECTION('',(-0.600005827944697,0.,-0.799995629008309));
#2055=DIRECTION('',(0.600005827944699,0.,0.799995629008307));
#2056=DIRECTION('',(0.799995629008307,0.,-0.600005827944699));
#2057=DIRECTION('',(0.,1.,0.));
#2058=DIRECTION('',(0.,0.,1.));
#2059=DIRECTION('',(0.600005827944697,0.,0.799995629008309));
#2060=DIRECTION('',(0.799995629008309,0.,-0.600005827944697));
#2061=DIRECTION('',(0.600005827944699,3.46939640236103E-15,0.799995629008307));
#2062=DIRECTION('',(0.799995629008307,0.,-0.600005827944699));
#2063=DIRECTION('',(0.,1.,0.));
#2064=DIRECTION('',(0.,0.,1.));
#2065=DIRECTION('',(0.108022807658141,0.,0.994148415995143));
#2066=DIRECTION('',(0.994148415995143,0.,-0.108022807658141));
#2067=DIRECTION('',(0.,0.,-1.));
#2068=DIRECTION('',(-1.,0.,0.));
#2069=DIRECTION('',(0.,1.,0.));
#2070=DIRECTION('',(0.,0.,1.));
#2071=DIRECTION('',(-1.,0.,0.));
#2072=DIRECTION('',(0.,0.,1.));
#2073=DIRECTION('',(0.,0.,1.));
#2074=DIRECTION('',(1.,0.,0.));
#2075=DIRECTION('',(1.,0.,0.));
#2076=DIRECTION('',(0.,0.,-1.));
#2077=CARTESIAN_POINT('',(0.,0.,0.));
#2078=CARTESIAN_POINT('',(-0.018,-0.000499999999999999,0.016));
#2079=CARTESIAN_POINT('',(-0.018,-0.003,0.016));
#2080=CARTESIAN_POINT('',(-0.018,-0.000499999999999999,0.0166873343532511));
#2081=CARTESIAN_POINT('',(-0.018,-0.003,0.0166873343532511));
#2082=CARTESIAN_POINT('',(-0.0180110054733167,-0.000499999999999998,0.0180855345258758));
#2083=CARTESIAN_POINT('',(-0.0180110054733167,-0.003,0.0180855345258758));
#2084=CARTESIAN_POINT('',(-0.016962805460624,-0.000499999999999998,0.0199596097266524));
#2085=CARTESIAN_POINT('',(-0.016962805460624,-0.003,0.0199596097266524));
#2086=CARTESIAN_POINT('',(-0.0150860227380531,-0.000499999999999998,0.0210113428336648));
#2087=CARTESIAN_POINT('',(-0.0150860227380531,-0.003,0.0210113428336648));
#2088=CARTESIAN_POINT('',(-0.0136893269356182,-0.000499999999999999,0.021));
#2089=CARTESIAN_POINT('',(-0.0136893269356182,-0.003,0.021));
#2090=CARTESIAN_POINT('',(-0.013,-0.000499999999999999,0.021));
#2091=CARTESIAN_POINT('',(-0.013,-0.003,0.021));
#2092=CARTESIAN_POINT('',(-0.013,8.67361737988404E-19,0.021));
#2093=CARTESIAN_POINT('',(-0.013,-0.0005,0.021));
#2094=CARTESIAN_POINT('',(-0.013,-0.003,0.021));
#2095=CARTESIAN_POINT('',(-0.013,-0.0005,0.021));
#2096=CARTESIAN_POINT('',(-0.0136890077460932,-0.0005,0.021));
#2097=CARTESIAN_POINT('',(-0.0150956326609755,-0.000499999999999999,0.0210086491228564));
#2098=CARTESIAN_POINT('',(-0.0169583249719453,-0.000499999999999999,0.0199616939607175));
#2099=CARTESIAN_POINT('',(-0.0180112184809736,-0.000499999999999999,0.0180879925928721));
#2100=CARTESIAN_POINT('',(-0.018,-0.0005,0.0166899575837642));
#2101=CARTESIAN_POINT('',(-0.018,-0.0005,0.016));
#2102=CARTESIAN_POINT('',(-0.018,-0.0005,0.016));
#2103=CARTESIAN_POINT('',(-0.018,8.67361737988404E-19,0.016));
#2104=CARTESIAN_POINT('',(-0.018,-0.003,0.016));
#2105=CARTESIAN_POINT('',(-0.018,-0.003,0.016));
#2106=CARTESIAN_POINT('',(-0.018,-0.003,0.0166873343532512));
#2107=CARTESIAN_POINT('',(-0.0180110054733167,-0.003,0.0180855345258758));
#2108=CARTESIAN_POINT('',(-0.0169628054606239,-0.003,0.0199596097266523));
#2109=CARTESIAN_POINT('',(-0.0150860227380531,-0.003,0.0210113428336648));
#2110=CARTESIAN_POINT('',(-0.0136893269356182,-0.003,0.021));
#2111=CARTESIAN_POINT('',(-0.013,-0.003,0.021));
#2112=CARTESIAN_POINT('',(0.0189449510801087,8.67361737988404E-19,0.021));
#2113=CARTESIAN_POINT('',(0.013,8.67361737988404E-19,0.021));
#2114=CARTESIAN_POINT('',(0.013,-0.0005,0.021));
#2115=CARTESIAN_POINT('',(0.013,-0.003,0.021));
#2116=CARTESIAN_POINT('',(-0.013,-0.0005,0.021));
#2117=CARTESIAN_POINT('',(0.0189449510801087,-0.003,0.021));
#2118=CARTESIAN_POINT('',(0.013,-0.000499999999999999,0.021));
#2119=CARTESIAN_POINT('',(0.013,-0.003,0.021));
#2120=CARTESIAN_POINT('',(0.0136873343532511,-0.000499999999999999,0.021));
#2121=CARTESIAN_POINT('',(0.0136873343532511,-0.003,0.021));
#2122=CARTESIAN_POINT('',(0.0150855345258758,-0.000499999999999998,0.0210110054733167));
#2123=CARTESIAN_POINT('',(0.0150855345258758,-0.003,0.0210110054733167));
#2124=CARTESIAN_POINT('',(0.0169596097266523,-0.000499999999999999,0.019962805460624));
#2125=CARTESIAN_POINT('',(0.0169596097266523,-0.003,0.019962805460624));
#2126=CARTESIAN_POINT('',(0.0180113428336648,-0.000499999999999996,0.0180860227380531));
#2127=CARTESIAN_POINT('',(0.0180113428336648,-0.003,0.0180860227380531));
#2128=CARTESIAN_POINT('',(0.018,-0.000499999999999999,0.0166893269356181));
#2129=CARTESIAN_POINT('',(0.018,-0.003,0.0166893269356181));
#2130=CARTESIAN_POINT('',(0.018,-0.000499999999999999,0.016));
#2131=CARTESIAN_POINT('',(0.018,-0.003,0.016));
#2132=CARTESIAN_POINT('',(0.018,8.67361737988404E-19,0.016));
#2133=CARTESIAN_POINT('',(0.018,-0.0005,0.016));
#2134=CARTESIAN_POINT('',(0.018,-0.003,0.016));
#2135=CARTESIAN_POINT('',(0.018,-0.0005,0.016));
#2136=CARTESIAN_POINT('',(0.018,-0.0005,0.0166890077460932));
#2137=CARTESIAN_POINT('',(0.0180086491228564,-0.000499999999999999,0.0180956326609755));
#2138=CARTESIAN_POINT('',(0.0169616939607174,-0.000499999999999999,0.0199583249719452));
#2139=CARTESIAN_POINT('',(0.0150879925928723,-0.000499999999999999,0.0210112184809736));
#2140=CARTESIAN_POINT('',(0.0136899575837642,-0.0005,0.021));
#2141=CARTESIAN_POINT('',(0.013,-0.0005,0.021));
#2142=CARTESIAN_POINT('',(0.013,-0.003,0.021));
#2143=CARTESIAN_POINT('',(0.0136873343532512,-0.003,0.021));
#2144=CARTESIAN_POINT('',(0.0150855345258758,-0.003,0.0210110054733167));
#2145=CARTESIAN_POINT('',(0.0169596097266523,-0.003,0.019962805460624));
#2146=CARTESIAN_POINT('',(0.0180113428336648,-0.003,0.0180860227380531));
#2147=CARTESIAN_POINT('',(0.018,-0.003,0.0166893269356182));
#2148=CARTESIAN_POINT('',(0.018,-0.003,0.016));
#2149=CARTESIAN_POINT('',(0.018,8.67361737988404E-19,0.0219449510801086));
#2150=CARTESIAN_POINT('',(0.018,8.67361737988404E-19,-0.01));
#2151=CARTESIAN_POINT('',(0.018,-0.0005,-0.01));
#2152=CARTESIAN_POINT('',(0.018,-0.003,-0.01));
#2153=CARTESIAN_POINT('',(0.018,-0.0005,0.016));
#2154=CARTESIAN_POINT('',(0.018,-0.003,0.0219449510801086));
#2155=CARTESIAN_POINT('',(0.018,-0.000500000000000001,-0.01));
#2156=CARTESIAN_POINT('',(0.018,-0.003,-0.01));
#2157=CARTESIAN_POINT('',(0.018,-0.000500000000000001,-0.0106082514636591));
#2158=CARTESIAN_POINT('',(0.018,-0.003,-0.0106082514636591));
#2159=CARTESIAN_POINT('',(0.018016726838848,-0.0005,-0.0118345793049436));
#2160=CARTESIAN_POINT('',(0.018016726838848,-0.003,-0.0118345793049436));
#2161=CARTESIAN_POINT('',(0.0172579931133525,-0.0005,-0.0135589784696388));
#2162=CARTESIAN_POINT('',(0.0172579931133525,-0.003,-0.0135589784696388));
#2163=CARTESIAN_POINT('',(0.0157828828272679,-0.000500000000000001,-0.0147363143777886));
#2164=CARTESIAN_POINT('',(0.0157828828272679,-0.003,-0.0147363143777886));
#2165=CARTESIAN_POINT('',(0.014558125384786,-0.000499999999999998,-0.0149550561748375));
#2166=CARTESIAN_POINT('',(0.014558125384786,-0.003,-0.0149550561748375));
#2167=CARTESIAN_POINT('',(0.0139508635888364,-0.000499999999999998,-0.0149849309192924));
#2168=CARTESIAN_POINT('',(0.0139508635888364,-0.003,-0.0149849309192924));
#2169=CARTESIAN_POINT('',(0.0139508635888364,3.46944695195361E-18,-0.0149849309192924));
#2170=CARTESIAN_POINT('',(0.0139508635947712,-0.0005,-0.0149849310399302));
#2171=CARTESIAN_POINT('',(0.0139508635888364,-0.003,-0.0149849309192924));
#2172=CARTESIAN_POINT('',(0.0139508635888364,-0.0005,-0.0149849309192924));
#2173=CARTESIAN_POINT('',(0.0145501450838434,-0.0005,-0.0149554467698497));
#2174=CARTESIAN_POINT('',(0.0157655235817927,-0.000499999999999999,-0.0147446851200007));
#2175=CARTESIAN_POINT('',(0.0172522311112811,-0.000499999999999999,-0.0135652670280628));
#2176=CARTESIAN_POINT('',(0.018013105165609,-0.000499999999999999,-0.011857199654425));
#2177=CARTESIAN_POINT('',(0.018,-0.0005,-0.0106130312148953));
#2178=CARTESIAN_POINT('',(0.018,-0.0005,-0.01));
#2179=CARTESIAN_POINT('',(0.018,-0.003,-0.01));
#2180=CARTESIAN_POINT('',(0.018,-0.003,-0.0106082514636591));
#2181=CARTESIAN_POINT('',(0.018016726838848,-0.003,-0.0118345793049437));
#2182=CARTESIAN_POINT('',(0.0172579931133525,-0.003,-0.0135589784696388));
#2183=CARTESIAN_POINT('',(0.0157828828272678,-0.003,-0.0147363143777886));
#2184=CARTESIAN_POINT('',(0.014558125384786,-0.003,-0.0149550561748375));
#2185=CARTESIAN_POINT('',(0.0139508635888364,-0.003,-0.0149849309192924));
#2186=CARTESIAN_POINT('',(0.014,8.67361737988404E-19,-0.0159837232381621));
#2187=CARTESIAN_POINT('',(0.0130058515840049,8.67361737988404E-19,-0.015875700430504));
#2188=CARTESIAN_POINT('',(0.0130058515840049,-0.00300009361490577,-0.015875700430504));
#2189=CARTESIAN_POINT('',(0.0130058515840049,-0.0005,-0.015875700430504));
#2190=CARTESIAN_POINT('',(0.014,-0.0005,-0.0159837232381621));
#2191=CARTESIAN_POINT('',(0.014,-0.003,-0.0159837232381621));
#2192=CARTESIAN_POINT('',(0.0130069505451475,-0.003,-0.0158660254037844));
#2193=CARTESIAN_POINT('',(0.0130069505451475,-0.003,-0.0158660254037844));
#2194=CARTESIAN_POINT('',(0.0130065684879257,-0.003,-0.0158692489271213));
#2195=CARTESIAN_POINT('',(0.0130062021704116,-0.00300003117038654,-0.015872473936688));
#2196=CARTESIAN_POINT('',(0.0130058515840049,-0.00300009361490577,-0.015875700430504));
#2197=CARTESIAN_POINT('',(-0.014,8.67361737988404E-19,-0.0159837232144026));
#2198=CARTESIAN_POINT('',(-0.013950863589887,1.7347234759768E-18,-0.0149849309192407));
#2199=CARTESIAN_POINT('',(-0.0139508635952389,-0.0005,-0.0149849310280275));
#2200=CARTESIAN_POINT('',(-0.013950863589887,-0.003,-0.0149849309192407));
#2201=CARTESIAN_POINT('',(-0.014,-0.0005,-0.0159837232144026));
#2202=CARTESIAN_POINT('',(-0.0130058515819776,-0.0005,-0.0158757004254019));
#2203=CARTESIAN_POINT('',(-0.0130058515819776,8.67361737988404E-19,-0.0158757004254019));
#2204=CARTESIAN_POINT('',(-0.0130058515819776,-0.00300009361480703,-0.0158757004254019));
#2205=CARTESIAN_POINT('',(-0.0130058515819776,-0.00300009361480703,-0.0158757004254019));
#2206=CARTESIAN_POINT('',(-0.013006202168138,-0.00300003117035368,-0.0158724739332884));
#2207=CARTESIAN_POINT('',(-0.0130065684853893,-0.003,-0.0158692489254223));
#2208=CARTESIAN_POINT('',(-0.0130069505423315,-0.003,-0.0158660254037844));
#2209=CARTESIAN_POINT('',(-0.0130069505423315,-0.003,-0.0158660254037844));
#2210=CARTESIAN_POINT('',(-0.014,-0.003,-0.0159837232144026));
#2211=CARTESIAN_POINT('',(-0.013950863589887,-0.000499999999999998,-0.0149849309192407));
#2212=CARTESIAN_POINT('',(-0.013950863589887,-0.003,-0.0149849309192407));
#2213=CARTESIAN_POINT('',(-0.014556409029504,-0.000499999999999998,-0.0149551406122798));
#2214=CARTESIAN_POINT('',(-0.014556409029504,-0.003,-0.0149551406122798));
#2215=CARTESIAN_POINT('',(-0.0157819664159953,-0.000499999999999998,-0.0147372618717502));
#2216=CARTESIAN_POINT('',(-0.0157819664159953,-0.003,-0.0147372618717502));
#2217=CARTESIAN_POINT('',(-0.0172584427559582,-0.000499999999999998,-0.0135580051096459));
#2218=CARTESIAN_POINT('',(-0.0172584427559582,-0.003,-0.0135580051096459));
#2219=CARTESIAN_POINT('',(-0.0180159781756018,-0.000499999999999998,-0.0118373544880125));
#2220=CARTESIAN_POINT('',(-0.0180159781756018,-0.003,-0.0118373544880125));
#2221=CARTESIAN_POINT('',(-0.018,-0.000499999999999999,-0.0106097551370517));
#2222=CARTESIAN_POINT('',(-0.018,-0.003,-0.0106097551370517));
#2223=CARTESIAN_POINT('',(-0.018,-0.000499999999999999,-0.01));
#2224=CARTESIAN_POINT('',(-0.018,-0.003,-0.01));
#2225=CARTESIAN_POINT('',(-0.018,8.67361737988404E-19,-0.01));
#2226=CARTESIAN_POINT('',(-0.018,-0.0005,-0.01));
#2227=CARTESIAN_POINT('',(-0.018,-0.003,-0.01));
#2228=CARTESIAN_POINT('',(-0.018,-0.0005,-0.01));
#2229=CARTESIAN_POINT('',(-0.018,-0.0005,-0.0106097426526432));
#2230=CARTESIAN_POINT('',(-0.0180149666046254,-0.000499999999999999,-0.0118451321982578));
#2231=CARTESIAN_POINT('',(-0.0172563161496395,-0.000499999999999999,-0.0135593913577867));
#2232=CARTESIAN_POINT('',(-0.015781722493536,-0.000499999999999999,-0.0147364177775237));
#2233=CARTESIAN_POINT('',(-0.0145611578346744,-0.0005,-0.0149549069908957));
#2234=CARTESIAN_POINT('',(-0.013950863589887,-0.0005,-0.0149849309192407));
#2235=CARTESIAN_POINT('',(-0.013950863589887,-0.003,-0.0149849309192407));
#2236=CARTESIAN_POINT('',(-0.014556409029504,-0.003,-0.0149551406122798));
#2237=CARTESIAN_POINT('',(-0.0157819664159952,-0.003,-0.0147372618717502));
#2238=CARTESIAN_POINT('',(-0.0172584427559583,-0.003,-0.0135580051096459));
#2239=CARTESIAN_POINT('',(-0.0180159781756017,-0.003,-0.0118373544880125));
#2240=CARTESIAN_POINT('',(-0.018,-0.003,-0.0106097551370517));
#2241=CARTESIAN_POINT('',(-0.018,-0.003,-0.01));
#2242=CARTESIAN_POINT('',(0.012,8.67361737988404E-19,-0.0048));
#2243=CARTESIAN_POINT('',(0.012,8.67361737988404E-19,-0.0018));
#2244=CARTESIAN_POINT('',(0.012,-0.0005,-0.0018));
#2245=CARTESIAN_POINT('',(0.012,-0.003,-0.0018));
#2246=CARTESIAN_POINT('',(0.012,-0.0005,-0.0048));
#2247=CARTESIAN_POINT('',(0.015,-0.0005,-0.0048));
#2248=CARTESIAN_POINT('',(0.015,8.67361737988404E-19,-0.0048));
#2249=CARTESIAN_POINT('',(0.015,-0.003,-0.0048));
#2250=CARTESIAN_POINT('',(0.012,-0.003,-0.0048));
#2251=CARTESIAN_POINT('',(0.,8.67361737988404E-19,-0.0018));
#2252=CARTESIAN_POINT('',(-0.012,8.67361737988404E-19,-0.0018));
#2253=CARTESIAN_POINT('',(-0.012,-0.0005,-0.0018));
#2254=CARTESIAN_POINT('',(-0.012,-0.003,-0.0018));
#2255=CARTESIAN_POINT('',(0.012,-0.0005,-0.0018));
#2256=CARTESIAN_POINT('',(0.,-0.003,-0.0018));
#2257=CARTESIAN_POINT('',(-0.012,8.67361737988404E-19,-0.0048));
#2258=CARTESIAN_POINT('',(-0.015,8.67361737988404E-19,-0.0048));
#2259=CARTESIAN_POINT('',(-0.015,-0.0005,-0.0048));
#2260=CARTESIAN_POINT('',(-0.015,-0.003,-0.0048));
#2261=CARTESIAN_POINT('',(-0.012,-0.0005,-0.0048));
#2262=CARTESIAN_POINT('',(-0.012,-0.003,-0.0048));
#2263=CARTESIAN_POINT('',(-0.015,8.67361737988404E-19,-0.0069));
#2264=CARTESIAN_POINT('',(-0.015,8.67361737988404E-19,-0.009));
#2265=CARTESIAN_POINT('',(-0.015,-0.0005,-0.009));
#2266=CARTESIAN_POINT('',(-0.015,-0.003,-0.009));
#2267=CARTESIAN_POINT('',(-0.015,-0.0005,-0.0048));
#2268=CARTESIAN_POINT('',(-0.015,-0.003,-0.0069));
#2269=CARTESIAN_POINT('',(-0.012,8.67361737988404E-19,-0.009));
#2270=CARTESIAN_POINT('',(-0.012,8.67361737988404E-19,-0.012));
#2271=CARTESIAN_POINT('',(-0.012,-0.0005,-0.012));
#2272=CARTESIAN_POINT('',(-0.012,-0.003,-0.012));
#2273=CARTESIAN_POINT('',(-0.012,-0.0005,-0.009));
#2274=CARTESIAN_POINT('',(-0.012,-0.003,-0.009));
#2275=CARTESIAN_POINT('',(-1.7347234759768E-18,8.67361737988404E-19,-0.012));
#2276=CARTESIAN_POINT('',(0.012,8.67361737988404E-19,-0.012));
#2277=CARTESIAN_POINT('',(0.012,-0.0005,-0.012));
#2278=CARTESIAN_POINT('',(0.012,-0.003,-0.012));
#2279=CARTESIAN_POINT('',(-1.7347234759768E-18,-0.0005,-0.012));
#2280=CARTESIAN_POINT('',(-1.7347234759768E-18,-0.003,-0.012));
#2281=CARTESIAN_POINT('',(0.012,8.67361737988404E-19,-0.009));
#2282=CARTESIAN_POINT('',(0.015,8.67361737988404E-19,-0.009));
#2283=CARTESIAN_POINT('',(0.015,-0.0005,-0.009));
#2284=CARTESIAN_POINT('',(0.015,-0.003,-0.009));
#2285=CARTESIAN_POINT('',(0.012,-0.0005,-0.009));
#2286=CARTESIAN_POINT('',(0.012,-0.003,-0.009));
#2287=CARTESIAN_POINT('',(0.012,8.67361737988404E-19,0.015));
#2288=CARTESIAN_POINT('',(0.012,8.67361737988404E-19,0.018));
#2289=CARTESIAN_POINT('',(0.012,-0.0005,0.018));
#2290=CARTESIAN_POINT('',(0.012,-0.003,0.018));
#2291=CARTESIAN_POINT('',(0.012,-0.0005,0.015));
#2292=CARTESIAN_POINT('',(0.015,-0.0005,0.015));
#2293=CARTESIAN_POINT('',(0.015,8.67361737988404E-19,0.015));
#2294=CARTESIAN_POINT('',(0.015,-0.003,0.015));
#2295=CARTESIAN_POINT('',(0.012,-0.003,0.015));
#2296=CARTESIAN_POINT('',(1.7347234759768E-18,8.67361737988404E-19,0.018));
#2297=CARTESIAN_POINT('',(-0.012,8.67361737988404E-19,0.018));
#2298=CARTESIAN_POINT('',(-0.012,-0.0005,0.018));
#2299=CARTESIAN_POINT('',(-0.012,-0.003,0.018));
#2300=CARTESIAN_POINT('',(0.012,-0.0005,0.018));
#2301=CARTESIAN_POINT('',(1.7347234759768E-18,-0.003,0.018));
#2302=CARTESIAN_POINT('',(-0.012,8.67361737988404E-19,0.015));
#2303=CARTESIAN_POINT('',(-0.015,8.67361737988404E-19,0.015));
#2304=CARTESIAN_POINT('',(-0.015,-0.0005,0.015));
#2305=CARTESIAN_POINT('',(-0.015,-0.003,0.015));
#2306=CARTESIAN_POINT('',(-0.012,-0.0005,0.015));
#2307=CARTESIAN_POINT('',(-0.012,-0.003,0.015));
#2308=CARTESIAN_POINT('',(-0.015,8.67361737988404E-19,0.0129));
#2309=CARTESIAN_POINT('',(-0.015,8.67361737988404E-19,0.0108));
#2310=CARTESIAN_POINT('',(-0.015,-0.0005,0.0108));
#2311=CARTESIAN_POINT('',(-0.015,-0.003,0.0108));
#2312=CARTESIAN_POINT('',(-0.015,-0.0005,0.015));
#2313=CARTESIAN_POINT('',(-0.015,-0.003,0.0129));
#2314=CARTESIAN_POINT('',(-0.012,8.67361737988404E-19,0.0108));
#2315=CARTESIAN_POINT('',(-0.012,8.67361737988404E-19,0.0078));
#2316=CARTESIAN_POINT('',(-0.012,-0.0005,0.0078));
#2317=CARTESIAN_POINT('',(-0.012,-0.003,0.0078));
#2318=CARTESIAN_POINT('',(-0.012,-0.0005,0.0108));
#2319=CARTESIAN_POINT('',(-0.012,-0.003,0.0108));
#2320=CARTESIAN_POINT('',(0.,8.67361737988404E-19,0.0078));
#2321=CARTESIAN_POINT('',(0.012,8.67361737988404E-19,0.0078));
#2322=CARTESIAN_POINT('',(0.012,-0.0005,0.0078));
#2323=CARTESIAN_POINT('',(0.012,-0.003,0.0078));
#2324=CARTESIAN_POINT('',(0.,-0.0005,0.0078));
#2325=CARTESIAN_POINT('',(0.,-0.003,0.0078));
#2326=CARTESIAN_POINT('',(0.012,8.67361737988404E-19,0.0108));
#2327=CARTESIAN_POINT('',(0.015,8.67361737988404E-19,0.0108));
#2328=CARTESIAN_POINT('',(0.015,-0.0005,0.0108));
#2329=CARTESIAN_POINT('',(0.015,-0.003,0.0108));
#2330=CARTESIAN_POINT('',(0.012,-0.0005,0.0108));
#2331=CARTESIAN_POINT('',(0.012,-0.003,0.0108));
#2332=CARTESIAN_POINT('',(-0.01,8.67361737988404E-19,0.003));
#2333=CARTESIAN_POINT('',(-0.01,8.67361737988404E-19,0.003));
#2334=CARTESIAN_POINT('',(-0.01,8.67361737988404E-19,0.0048));
#2335=CARTESIAN_POINT('',(-0.01,-0.003,0.003));
#2336=CARTESIAN_POINT('',(-0.01,-0.003,0.0048));
#2337=CARTESIAN_POINT('',(0.01,8.67361737988404E-19,0.003));
#2338=CARTESIAN_POINT('',(0.01,8.67361737988404E-19,0.003));
#2339=CARTESIAN_POINT('',(0.01,8.67361737988404E-19,0.0048));
#2340=CARTESIAN_POINT('',(0.01,-0.003,0.003));
#2341=CARTESIAN_POINT('',(0.01,-0.003,0.0048));
#2342=CARTESIAN_POINT('',(0.015,8.67361737988404E-19,-0.0069));
#2343=CARTESIAN_POINT('',(0.015,-0.0005,-0.0069));
#2344=CARTESIAN_POINT('',(0.015,-0.003,-0.0069));
#2345=CARTESIAN_POINT('',(0.015,8.67361737988404E-19,0.0129));
#2346=CARTESIAN_POINT('',(0.015,-0.0005,0.0129));
#2347=CARTESIAN_POINT('',(0.015,-0.003,0.0129));
#2348=CARTESIAN_POINT('',(-0.018,8.67361737988404E-19,0.0219449510801086));
#2349=CARTESIAN_POINT('',(-0.018,-0.0005,-0.01));
#2350=CARTESIAN_POINT('',(-0.018,-0.003,0.0219449510801086));
#2351=CARTESIAN_POINT('',(0.,8.67361737988404E-19,0.003));
#2352=CARTESIAN_POINT('',(-0.012,8.67361737988404E-19,0.0108));
#2353=CARTESIAN_POINT('',(-0.0155,8.67361737988404E-19,0.0108));
#2354=CARTESIAN_POINT('',(-0.012,8.67361737988404E-19,0.0073));
#2355=CARTESIAN_POINT('',(0.,8.67361737988404E-19,0.0073));
#2356=CARTESIAN_POINT('',(0.012,8.67361737988404E-19,0.0073));
#2357=CARTESIAN_POINT('',(0.012,8.67361737988404E-19,0.0108));
#2358=CARTESIAN_POINT('',(0.0155,8.67361737988404E-19,0.0108));
#2359=CARTESIAN_POINT('',(0.0155,8.67361737988404E-19,0.003));
#2360=CARTESIAN_POINT('',(0.0155,8.67361737988404E-19,0.015));
#2361=CARTESIAN_POINT('',(0.012,8.67361737988404E-19,0.015));
#2362=CARTESIAN_POINT('',(0.012,8.67361737988404E-19,0.0185));
#2363=CARTESIAN_POINT('',(-0.012,8.67361737988404E-19,0.0185));
#2364=CARTESIAN_POINT('',(-0.012,8.67361737988404E-19,0.0185));
#2365=CARTESIAN_POINT('',(-0.012,8.67361737988404E-19,0.015));
#2366=CARTESIAN_POINT('',(-0.0155,8.67361737988404E-19,0.015));
#2367=CARTESIAN_POINT('',(-0.0155,8.67361737988404E-19,0.0108));
#2368=CARTESIAN_POINT('',(0.012,8.67361737988404E-19,-0.0048));
#2369=CARTESIAN_POINT('',(0.0155,8.67361737988404E-19,-0.0048));
#2370=CARTESIAN_POINT('',(0.012,8.67361737988404E-19,-0.0013));
#2371=CARTESIAN_POINT('',(-0.012,8.67361737988404E-19,-0.0013));
#2372=CARTESIAN_POINT('',(-0.012,8.67361737988404E-19,-0.0013));
#2373=CARTESIAN_POINT('',(-0.012,8.67361737988404E-19,-0.0048));
#2374=CARTESIAN_POINT('',(-0.0155,8.67361737988404E-19,-0.0048));
#2375=CARTESIAN_POINT('',(-0.0155,8.67361737988404E-19,-0.009));
#2376=CARTESIAN_POINT('',(-0.0155,8.67361737988404E-19,-0.009));
#2377=CARTESIAN_POINT('',(-0.012,8.67361737988404E-19,-0.009));
#2378=CARTESIAN_POINT('',(-0.012,8.67361737988404E-19,-0.0125));
#2379=CARTESIAN_POINT('',(0.,8.67361737988404E-19,-0.0125));
#2380=CARTESIAN_POINT('',(0.012,8.67361737988404E-19,-0.0125));
#2381=CARTESIAN_POINT('',(0.012,8.67361737988404E-19,-0.009));
#2382=CARTESIAN_POINT('',(0.0155,8.67361737988404E-19,-0.009));
#2383=CARTESIAN_POINT('',(0.0155,8.67361737988404E-19,0.003));
#2384=CARTESIAN_POINT('',(0.,8.67361737988404E-19,-0.0158660254037887));
#2385=CARTESIAN_POINT('',(0.0124755245884999,8.67361737988404E-19,-0.0158660254037887));
#2386=CARTESIAN_POINT('',(-0.0124755245886275,8.67361737988404E-19,-0.0158660254037887));
#2387=CARTESIAN_POINT('',(-0.0170399791636703,8.67361737988404E-19,-0.00978017833595704));
#2388=CARTESIAN_POINT('',(-0.0125087773729663,8.67361737988404E-19,-0.0158216890309016));
#2389=CARTESIAN_POINT('',(-0.014,8.67361737988404E-19,-0.0159837232144026));
#2390=CARTESIAN_POINT('',(-0.0139262953901824,8.67361737988404E-19,-0.0144855348804465));
#2391=CARTESIAN_POINT('',(-0.0139262953901824,8.67361737988404E-19,-0.0144855348804465));
#2392=CARTESIAN_POINT('',(-0.0144727788758523,8.67361737988404E-19,-0.0144586501749859));
#2393=CARTESIAN_POINT('',(-0.0155680347644203,-4.33680868994202E-19,-0.0142712994152522));
#2394=CARTESIAN_POINT('',(-0.0168865048406846,2.16840434497101E-19,-0.0132046152409073));
#2395=CARTESIAN_POINT('',(-0.0175236358117161,-4.33680868994202E-19,-0.0116493361122269));
#2396=CARTESIAN_POINT('',(-0.0175,8.67361737988404E-19,-0.0105460341331106));
#2397=CARTESIAN_POINT('',(-0.0175,8.67361737988404E-19,-0.01));
#2398=CARTESIAN_POINT('',(-0.0175,8.67361737988404E-19,-0.01));
#2399=CARTESIAN_POINT('',(-0.0175,8.67361737988404E-19,0.016));
#2400=CARTESIAN_POINT('',(-0.0175,8.67361737988404E-19,0.016));
#2401=CARTESIAN_POINT('',(-0.0175,8.67361737988404E-19,0.016));
#2402=CARTESIAN_POINT('',(-0.0175,8.67361737988404E-19,0.0166240417872659));
#2403=CARTESIAN_POINT('',(-0.01752668375314,-4.33680868994202E-19,0.0178879812861564));
#2404=CARTESIAN_POINT('',(-0.0165996238595276,2.16840434497101E-19,0.0196021956020755));
#2405=CARTESIAN_POINT('',(-0.0148942841134744,-4.33680868994202E-19,0.0205247010036848));
#2406=CARTESIAN_POINT('',(-0.0136232563477142,8.67361737988404E-19,0.0205));
#2407=CARTESIAN_POINT('',(-0.013,8.67361737988404E-19,0.0205));
#2408=CARTESIAN_POINT('',(-0.013,8.67361737988404E-19,0.0205));
#2409=CARTESIAN_POINT('',(0.013,8.67361737988404E-19,0.0205));
#2410=CARTESIAN_POINT('',(0.013,8.67361737988404E-19,0.0205));
#2411=CARTESIAN_POINT('',(0.013,8.67361737988404E-19,0.0205));
#2412=CARTESIAN_POINT('',(0.0136240417872659,8.67361737988404E-19,0.0205));
#2413=CARTESIAN_POINT('',(0.0148879812861565,-4.33680868994202E-19,0.02052668375314));
#2414=CARTESIAN_POINT('',(0.0166021956020755,2.16840434497101E-19,0.0195996238595276));
#2415=CARTESIAN_POINT('',(0.0175247010036849,-4.33680868994202E-19,0.0178942841134742));
#2416=CARTESIAN_POINT('',(0.0175,8.67361737988404E-19,0.0166232563477142));
#2417=CARTESIAN_POINT('',(0.0175,8.67361737988404E-19,0.016));
#2418=CARTESIAN_POINT('',(0.0175,8.67361737988404E-19,0.016));
#2419=CARTESIAN_POINT('',(0.0175,8.67361737988404E-19,-0.01));
#2420=CARTESIAN_POINT('',(0.0175,8.67361737988404E-19,-0.01));
#2421=CARTESIAN_POINT('',(0.0175,8.67361737988404E-19,-0.01));
#2422=CARTESIAN_POINT('',(0.0175,8.67361737988404E-19,-0.0105480031310442));
#2423=CARTESIAN_POINT('',(0.0175221335826681,-4.33680868994202E-19,-0.0116586964426427));
#2424=CARTESIAN_POINT('',(0.0168847182012044,2.16840434497101E-19,-0.0132091370185356));
#2425=CARTESIAN_POINT('',(0.0155499731321922,-4.33680868994202E-19,-0.0142788888945928));
#2426=CARTESIAN_POINT('',(0.0144710261934546,8.67361737988404E-19,-0.014458736399704));
#2427=CARTESIAN_POINT('',(0.0139262953891894,8.67361737988404E-19,-0.0144855348804954));
#2428=CARTESIAN_POINT('',(0.0139262953891894,8.67361737988404E-19,-0.0144855348804954));
#2429=CARTESIAN_POINT('',(0.014,8.67361737988404E-19,-0.0159837232381621));
#2430=CARTESIAN_POINT('',(0.0125087773760073,8.67361737988404E-19,-0.0158216890266749));
#2431=CARTESIAN_POINT('',(0.0170399791637313,8.67361737988404E-19,-0.00978017833543538));
#2432=CARTESIAN_POINT('',(0.,-0.003,0.003));
#2433=CARTESIAN_POINT('',(0.,-0.003,-0.0158660254037844));
#2434=CARTESIAN_POINT('',(-0.01,0.,0.));
#2435=CARTESIAN_POINT('',(-0.01,-0.00230940107675641,-0.0201666686902729));
#2436=CARTESIAN_POINT('',(-0.01,-0.0054056272899529,-0.0201666686902724));
#2437=CARTESIAN_POINT('',(-0.01,-0.00298297755914026,-0.0201666686902728));
#2438=CARTESIAN_POINT('',(-0.01,0.00649519052838528,-0.00375000000000132));
#2439=CARTESIAN_POINT('',(-0.01,-0.00768856620135548,-0.0283169872981082));
#2440=CARTESIAN_POINT('',(-0.01,-0.00950555349946448,-0.0272679491924295));
#2441=CARTESIAN_POINT('',(-0.01,-0.00950555349946448,-0.0272679491924295));
#2442=CARTESIAN_POINT('',(-0.01,-0.00740747728811154,-0.0236339745962147));
#2443=CARTESIAN_POINT('',(-0.008,-0.00950555349946412,-0.0272679491924289));
#2444=CARTESIAN_POINT('',(-0.008,-0.00768856620135456,-0.0283169872981066));
#2445=CARTESIAN_POINT('',(-0.008,-0.00868856620135459,-0.0300490381056755));
#2446=CARTESIAN_POINT('',(-0.008,-0.0105055534994642,-0.0289999999999977));
#2447=CARTESIAN_POINT('',(-0.008,-0.0105055534994642,-0.0289999999999977));
#2448=CARTESIAN_POINT('',(-0.008,-0.00950555349946412,-0.0272679491924289));
#2449=CARTESIAN_POINT('',(0.,-0.0151837567297415,-0.0262990381056769));
#2450=CARTESIAN_POINT('',(0.,-0.00868856620135617,-0.0300490381056782));
#2451=CARTESIAN_POINT('',(0.008,-0.00868856620135616,-0.0300490381056782));
#2452=CARTESIAN_POINT('',(0.008,-0.0105055534994657,-0.0290000000000005));
#2453=CARTESIAN_POINT('',(0.008,-0.0105055534994657,-0.0290000000000005));
#2454=CARTESIAN_POINT('',(-8.67361737988404E-19,-0.0105055534994657,-0.0290000000000005));
#2455=CARTESIAN_POINT('',(0.008,-0.00950555349946546,-0.0272679491924312));
#2456=CARTESIAN_POINT('',(0.008,-0.00768856620135589,-0.0283169872981089));
#2457=CARTESIAN_POINT('',(0.01,-0.00768856620135558,-0.0283169872981084));
#2458=CARTESIAN_POINT('',(0.01,-0.00950555349946515,-0.0272679491924307));
#2459=CARTESIAN_POINT('',(0.01,-0.00950555349946515,-0.0272679491924307));
#2460=CARTESIAN_POINT('',(0.008,-0.00950555349946546,-0.0272679491924312));
#2461=CARTESIAN_POINT('',(0.01,0.,0.));
#2462=CARTESIAN_POINT('',(0.01,0.00649519052838529,-0.00375000000000132));
#2463=CARTESIAN_POINT('',(0.01,-0.00298297755913685,-0.0201666686902668));
#2464=CARTESIAN_POINT('',(0.01,-0.00530940107675863,-0.0201666686902666));
#2465=CARTESIAN_POINT('',(0.01,-0.00540562728994948,-0.0201666686902666));
#2466=CARTESIAN_POINT('',(0.01,-0.00740747728811189,-0.0236339745962153));
#2467=CARTESIAN_POINT('',(0.,-0.00528247728811006,-0.0251495190528391));
#2468=CARTESIAN_POINT('',(-0.008,-0.00700555021840154,-0.0281339764905396));
#2469=CARTESIAN_POINT('',(-0.008,-0.00760555021840156,-0.0291732069750809));
#2470=CARTESIAN_POINT('',(0.008,-0.00700555021840154,-0.0281339764905396));
#2471=CARTESIAN_POINT('',(0.008,-0.00760555021840156,-0.0291732069750809));
#2472=CARTESIAN_POINT('',(0.,-0.00700555021840154,-0.0281339764905396));
#2473=CARTESIAN_POINT('',(0.,-0.00760555021840156,-0.0291732069750809));
#2474=CARTESIAN_POINT('',(0.,-0.00500555021840192,-0.0246698748754027));
#2475=CARTESIAN_POINT('',(0.,-0.00583055021840195,-0.026098816791647));
#2476=CARTESIAN_POINT('',(-0.0105,-0.00254996485724805,-0.0204166686902728));
#2477=CARTESIAN_POINT('',(-0.0095,-0.00254996485724806,-0.0204166686902728));
#2478=CARTESIAN_POINT('',(-0.00970000437100448,-0.00220355133095901,-0.0198166628623111));
#2479=CARTESIAN_POINT('',(-0.00400896716458672,-0.00658444732575145,-0.0274045973079662));
#2480=CARTESIAN_POINT('',(-0.0124755245886275,-6.69872981077851E-5,-0.0161160254037887));
#2481=CARTESIAN_POINT('',(0.,-6.69872981077851E-5,-0.0161160254037887));
#2482=CARTESIAN_POINT('',(0.0124755245884999,-6.69872981077851E-5,-0.0161160254037887));
#2483=CARTESIAN_POINT('',(0.0040089671648141,-0.00658444732576749,-0.027404597307994));
#2484=CARTESIAN_POINT('',(0.00970000437099169,-0.00220355133096544,-0.0198166628623222));
#2485=CARTESIAN_POINT('',(0.0105,-0.00254996485724464,-0.0204166686902668));
#2486=CARTESIAN_POINT('',(0.0095,-0.00254996485724464,-0.0204166686902668));
#2487=CARTESIAN_POINT('',(0.0095,-0.00528247728811006,-0.0251495190528391));
#2488=CARTESIAN_POINT('',(0.0095,-0.00725555349946344,-0.0285669872981085));
#2489=CARTESIAN_POINT('',(0.008,-0.00725555349946368,-0.0285669872981089));
#2490=CARTESIAN_POINT('',(0.008,-0.0080055534994637,-0.0298660254037856));
#2491=CARTESIAN_POINT('',(0.,-0.00800555349946394,-0.029866025403786));
#2492=CARTESIAN_POINT('',(-0.008,-0.00800555349946394,-0.029866025403786));
#2493=CARTESIAN_POINT('',(-0.008,-0.00725555349946234,-0.0285669872981066));
#2494=CARTESIAN_POINT('',(-0.0095,-0.00725555349946327,-0.0285669872981082));
#2495=CARTESIAN_POINT('',(-0.0095,-0.00528247728811006,-0.0251495190528391));
#2496=CARTESIAN_POINT('',(0.,-0.00790747728811217,-0.0245000000000003));
#2497=CARTESIAN_POINT('',(-0.008,-0.00925555349946579,-0.0268349364905396));
#2498=CARTESIAN_POINT('',(-0.008,-0.00985555349946581,-0.0278741669750809));
#2499=CARTESIAN_POINT('',(0.008,-0.00925555349946579,-0.0268349364905396));
#2500=CARTESIAN_POINT('',(0.008,-0.00985555349946581,-0.0278741669750809));
#2501=CARTESIAN_POINT('',(0.,-0.00925555349946579,-0.0268349364905396));
#2502=CARTESIAN_POINT('',(0.,-0.00985555349946581,-0.0278741669750809));
#2503=CARTESIAN_POINT('',(0.,-0.00725555349946617,-0.0233708348754026));
#2504=CARTESIAN_POINT('',(0.,-0.0080805534994662,-0.0247997767916469));
#2505=CARTESIAN_POINT('',(0.0125087773760073,-0.00289705211155127,-0.0158216890266749));
#2506=CARTESIAN_POINT('',(0.0129087751905114,-0.00307025887469088,-0.0161216919406472));
#2507=CARTESIAN_POINT('',(0.0129129630970688,-0.00306698729810778,-0.0161160254037844));
#2508=CARTESIAN_POINT('',(0.,-0.00306698729810778,-0.0161160254037844));
#2509=CARTESIAN_POINT('',(-0.0129129630971058,-0.00306698729810778,-0.0161160254037844));
#2510=CARTESIAN_POINT('',(-0.0125087773729663,-0.00289705211399155,-0.0158216890309015));
#2511=CARTESIAN_POINT('',(-0.0129087751874639,-0.00307025887713601,-0.0161216919448823));
#2512=CARTESIAN_POINT('',(-0.0130000455313245,-0.003,-0.016));
#2513=CARTESIAN_POINT('',(-0.0101000021855022,-0.00523242052680838,-0.0198666657762916));
#2514=CARTESIAN_POINT('',(-0.0105,-0.0054056272899529,-0.0201666686902724));
#2515=CARTESIAN_POINT('',(0.0105,-0.00540562728994949,-0.0201666686902666));
#2516=CARTESIAN_POINT('',(0.0101000021854958,-0.00523242052680988,-0.0198666657762942));
#2517=CARTESIAN_POINT('',(0.0130000455311916,-0.003,-0.016));
#2518=CARTESIAN_POINT('',(0.,-0.00500555021840192,-0.0246698748754027));
#2519=CARTESIAN_POINT('',(0.,-0.00700555021840154,-0.0281339764905396));
#2520=CARTESIAN_POINT('',(0.008,-0.00700555021840154,-0.0281339764905396));
#2521=CARTESIAN_POINT('',(-0.008,-0.00700555021840154,-0.0281339764905396));
#2522=CARTESIAN_POINT('',(0.0159999708590297,-1.5126990739743E-15,-0.0120001602687049));
#2523=CARTESIAN_POINT('',(0.0101000021854958,-0.00230940107675637,-0.0198666657762946));
#2524=CARTESIAN_POINT('',(0.0101000021854958,-0.00263656403285769,-0.0198666657762946));
#2525=CARTESIAN_POINT('',(0.0155648240887645,0.00157019398347521,-0.0125803471568586));
#2526=CARTESIAN_POINT('',(0.012875522403004,-0.000500000000000037,-0.016166028317761));
#2527=CARTESIAN_POINT('',(0.0159999708590296,-0.000500000000000037,-0.0120001602687049));
#2528=CARTESIAN_POINT('',(0.0129087751905114,-0.0005,-0.0161216919406472));
#2529=CARTESIAN_POINT('',(0.0129087751905114,-1.5126990739743E-15,-0.0161216919406472));
#2530=CARTESIAN_POINT('',(-0.0159999708589444,-1.51269907403339E-15,-0.0120001602691738));
#2531=CARTESIAN_POINT('',(-0.0129087751874641,-1.51269907403339E-15,-0.0161216919448824));
#2532=CARTESIAN_POINT('',(-0.0129087751874641,-0.000500000000000037,-0.0161216919448824));
#2533=CARTESIAN_POINT('',(-0.0159999708589444,-0.000500000000000037,-0.0120001602691737));
#2534=CARTESIAN_POINT('',(-0.0128755224031253,-0.000500000000000039,-0.0161660283177695));
#2535=CARTESIAN_POINT('',(-0.0155648240887321,0.00157019398326502,-0.0125803471572312));
#2536=CARTESIAN_POINT('',(-0.0101000021855022,-0.00263656403285126,-0.0198666657762919));
#2537=CARTESIAN_POINT('',(-0.0101000021855022,-0.00530940107675859,-0.0198666657762916));
#2538=CARTESIAN_POINT('',(-0.0125087773729663,9.84506969836173E-17,-0.0158216890309015));
#2539=CARTESIAN_POINT('',(-0.0125087773729663,-0.0005,-0.0158216890309015));
#2540=CARTESIAN_POINT('',(-0.0129129630971058,-0.00306698729810778,-0.0161160254037844));
#2541=CARTESIAN_POINT('',(-0.0129615059464334,-0.00302850139575374,-0.0160493658655321));
#2542=CARTESIAN_POINT('',(-0.0129959903742776,-0.00300185003817342,-0.0159664544609661));
#2543=CARTESIAN_POINT('',(-0.0130058515819776,-0.00300009361480703,-0.0158757004254019));
#2544=CARTESIAN_POINT('',(0.0125087773760073,9.84506980681251E-17,-0.0158216890266749));
#2545=CARTESIAN_POINT('',(0.0125087773760073,-0.0005,-0.0158216890266749));
#2546=CARTESIAN_POINT('',(0.0130058515840049,-0.00300009361490577,-0.015875700430504));
#2547=CARTESIAN_POINT('',(0.0129959871427175,-0.00300185061484056,-0.0159664842093474));
#2548=CARTESIAN_POINT('',(0.012961522847464,-0.00302848799703928,-0.0160493426582788));
#2549=CARTESIAN_POINT('',(0.0129129630970691,-0.00306698729810742,-0.0161160254037847));
#2550=CARTESIAN_POINT('',(0.,-0.0005,-0.0158660254037887));
#2551=CARTESIAN_POINT('',(-0.0124755245886275,-0.0005,-0.0158660254037887));
#2552=CARTESIAN_POINT('',(0.0124755245884999,-0.0005,-0.0158660254037887));
#2553=CARTESIAN_POINT('',(0.0105,-2.54214113560384E-15,-0.0201666686902673));
#2554=CARTESIAN_POINT('',(0.0105,-0.00298297755913685,-0.0201666686902668));
#2555=CARTESIAN_POINT('',(-0.0105,-2.54214113560459E-15,-0.0201666686902731));
#2556=CARTESIAN_POINT('',(-0.0105,-0.00298297755914026,-0.0201666686902728));
#2557=CARTESIAN_POINT('',(0.,-0.0005,0.0185));
#2558=CARTESIAN_POINT('',(-0.012,-0.0005,0.0185));
#2559=CARTESIAN_POINT('',(0.012,-0.0005,0.0185));
#2560=CARTESIAN_POINT('',(0.012,-0.0005,0.015));
#2561=CARTESIAN_POINT('',(0.0155,-0.0005,0.015));
#2562=CARTESIAN_POINT('',(-0.012,-0.0005,0.015));
#2563=CARTESIAN_POINT('',(-0.0155,-0.0005,0.015));
#2564=CARTESIAN_POINT('',(0.0155,-0.0005,0.0129));
#2565=CARTESIAN_POINT('',(0.0155,-0.0005,0.0108));
#2566=CARTESIAN_POINT('',(-0.0155,-0.0005,0.003));
#2567=CARTESIAN_POINT('',(-0.0155,-0.0005,0.0108));
#2568=CARTESIAN_POINT('',(0.012,-0.0005,0.0108));
#2569=CARTESIAN_POINT('',(0.012,-0.0005,0.0073));
#2570=CARTESIAN_POINT('',(-0.012,-0.0005,0.0108));
#2571=CARTESIAN_POINT('',(-0.012,-0.0005,0.0073));
#2572=CARTESIAN_POINT('',(0.,-0.0005,0.0073));
#2573=CARTESIAN_POINT('',(-1.7347234759768E-18,-0.0005,-0.0125));
#2574=CARTESIAN_POINT('',(-0.012,-0.0005,-0.0125));
#2575=CARTESIAN_POINT('',(0.012,-0.0005,-0.0125));
#2576=CARTESIAN_POINT('',(0.012,-0.0005,-0.009));
#2577=CARTESIAN_POINT('',(0.0155,-0.0005,-0.009));
#2578=CARTESIAN_POINT('',(-0.012,-0.0005,-0.009));
#2579=CARTESIAN_POINT('',(-0.0155,-0.0005,-0.009));
#2580=CARTESIAN_POINT('',(0.0155,-0.0005,-0.0069));
#2581=CARTESIAN_POINT('',(0.0155,-0.0005,-0.0048));
#2582=CARTESIAN_POINT('',(-0.0155,-0.0005,0.003));
#2583=CARTESIAN_POINT('',(-0.0155,-0.0005,-0.0048));
#2584=CARTESIAN_POINT('',(0.012,-0.0005,-0.0048));
#2585=CARTESIAN_POINT('',(0.012,-0.0005,-0.0013));
#2586=CARTESIAN_POINT('',(-0.012,-0.0005,-0.0048));
#2587=CARTESIAN_POINT('',(-0.012,-0.0005,-0.0013));
#2588=CARTESIAN_POINT('',(0.,-0.0005,-0.0013));
#2589=CARTESIAN_POINT('',(-0.008,-0.00768856620135456,-0.0283169872981066));
#2590=CARTESIAN_POINT('',(-0.008,-0.00843856620135458,-0.0296160254037833));
#2591=CARTESIAN_POINT('',(-0.0095,-0.00768856620135548,-0.0283169872981082));
#2592=CARTESIAN_POINT('',(-0.0095,-0.00571548999000227,-0.0248995190528391));
#2593=CARTESIAN_POINT('',(-0.0095,-0.00298297755914027,-0.0201666686902728));
#2594=CARTESIAN_POINT('',(0.,-0.00843856620135616,-0.029616025403786));
#2595=CARTESIAN_POINT('',(0.008,-0.00843856620135616,-0.029616025403786));
#2596=CARTESIAN_POINT('',(-0.00970000437100446,-0.00220355133095902,-0.0198166628623111));
#2597=CARTESIAN_POINT('',(-0.0100076943078469,-0.00230347808570806,-0.0199897410785719));
#2598=CARTESIAN_POINT('',(-0.0101000021855022,-0.00263656403285127,-0.0198666657762919));
#2599=CARTESIAN_POINT('',(-0.00957130140681159,-0.0023026254153693,-0.019988264210223));
#2600=CARTESIAN_POINT('',(-0.00994679017805024,-0.00238319921207874,-0.0201278221198849));
#2601=CARTESIAN_POINT('',(-0.0100356507033899,-0.00273563811726155,-0.0199524664502355));
#2602=CARTESIAN_POINT('',(-0.00950000000003502,-0.00242612157816512,-0.0202021658387252));
#2603=CARTESIAN_POINT('',(-0.0099491035904987,-0.00247650227841597,-0.0202894277712796));
#2604=CARTESIAN_POINT('',(-0.01,-0.00285913428005725,-0.0200594172644988));
#2605=CARTESIAN_POINT('',(-0.0095,-0.00254996485724805,-0.0204166686902728));
#2606=CARTESIAN_POINT('',(-0.01,-0.00254996485724805,-0.0204166686902728));
#2607=CARTESIAN_POINT('',(-0.01,-0.00298297755914026,-0.0201666686902728));
#2608=CARTESIAN_POINT('',(-0.00970000437100448,-0.00263656403285122,-0.0195666628623111));
#2609=CARTESIAN_POINT('',(0.008,-0.00768856620135589,-0.0283169872981089));
#2610=CARTESIAN_POINT('',(0.0095,-0.00768856620135566,-0.0283169872981085));
#2611=CARTESIAN_POINT('',(-0.0151648262742344,0.00157019398326505,-0.0122803442432504));
#2612=CARTESIAN_POINT('',(-0.0124755245886275,-0.0005,-0.0158660254037887));
#2613=CARTESIAN_POINT('',(0.0095,-0.00571548999000227,-0.0248995190528391));
#2614=CARTESIAN_POINT('',(0.0095,-0.00298297755913685,-0.0201666686902668));
#2615=CARTESIAN_POINT('',(-0.0124755245886275,-0.0005,-0.0158660254037887));
#2616=CARTESIAN_POINT('',(-0.0124755245886275,-0.0005,-0.0158660254037887));
#2617=CARTESIAN_POINT('',(0.0095,-0.00254996485724464,-0.0204166686902669));
#2618=CARTESIAN_POINT('',(0.00999999999999999,-0.00254996485724465,-0.0204166686902669));
#2619=CARTESIAN_POINT('',(0.01,-0.00298297755913685,-0.0201666686902669));
#2620=CARTESIAN_POINT('',(0.00950000000003502,-0.00242612157816563,-0.0202021658387261));
#2621=CARTESIAN_POINT('',(0.00994910359050023,-0.00247650227841512,-0.0202894277712786));
#2622=CARTESIAN_POINT('',(0.01,-0.00285913428005806,-0.0200594172644964));
#2623=CARTESIAN_POINT('',(0.00957130140680676,-0.00230262541537359,-0.0199882642102305));
#2624=CARTESIAN_POINT('',(0.00994679017804922,-0.00238319921208148,-0.0201278221198865));
#2625=CARTESIAN_POINT('',(0.0100356507033874,-0.00273563811726624,-0.0199524664502368));
#2626=CARTESIAN_POINT('',(0.00970000437099169,-0.00220355133096544,-0.0198166628623222));
#2627=CARTESIAN_POINT('',(0.0100076943078411,-0.0023034780857123,-0.0199897410785792));
#2628=CARTESIAN_POINT('',(0.0101000021854958,-0.00263656403285769,-0.0198666657762946));
#2629=CARTESIAN_POINT('',(0.0097000043709917,-0.00263656403285765,-0.0195666628623222));
#2630=CARTESIAN_POINT('',(-0.0170399791636703,-0.0005,-0.00978017833595704));
#2631=CARTESIAN_POINT('',(-0.0125087773729663,-0.0005,-0.0158216890309015));
#2632=CARTESIAN_POINT('',(0.0040089671648141,-0.0070174600276597,-0.027154597307994));
#2633=CARTESIAN_POINT('',(0.0124755245884999,-0.0005,-0.0158660254037887));
#2634=CARTESIAN_POINT('',(-0.0125087773729663,-0.0005,-0.0158216890309015));
#2635=CARTESIAN_POINT('',(-0.0125087773729663,-0.0005,-0.0158216890309015));
#2636=CARTESIAN_POINT('',(0.0124755245884999,-0.0005,-0.0158660254037887));
#2637=CARTESIAN_POINT('',(0.0124755245884999,-0.0005,-0.0158660254037887));
#2638=CARTESIAN_POINT('',(-0.014,-0.0005,-0.0159837232144026));
#2639=CARTESIAN_POINT('',(-0.0139508636005907,-0.000500000000000001,-0.0149849311368144));
#2640=CARTESIAN_POINT('',(-0.0139508636005907,-0.000238200539588584,-0.0149849311368144));
#2641=CARTESIAN_POINT('',(-0.0139391592730343,1.1405906635276E-10,-0.0147470181074224));
#2642=CARTESIAN_POINT('',(-0.0139262953901824,-4.74880551548651E-17,-0.0144855348804466));
#2643=CARTESIAN_POINT('',(0.0170399791637313,-0.0005,-0.00978017833543538));
#2644=CARTESIAN_POINT('',(0.0125087773760073,-0.0005,-0.0158216890266749));
#2645=CARTESIAN_POINT('',(-0.0175,0.,-0.01));
#2646=CARTESIAN_POINT('',(-0.018,-1.54074395550979E-33,-0.01));
#2647=CARTESIAN_POINT('',(-0.018,-0.000499999999999999,-0.01));
#2648=CARTESIAN_POINT('',(-0.0175000000220493,0.,-0.0105460341340133));
#2649=CARTESIAN_POINT('',(-0.018000000021837,1.2604074411827E-30,-0.0105443410459256));
#2650=CARTESIAN_POINT('',(-0.018,-0.00050000000000071,-0.0105443410459324));
#2651=CARTESIAN_POINT('',(-0.0175108548932078,0.,-0.0113719950613947));
#2652=CARTESIAN_POINT('',(-0.0180176744120085,-3.27566674505054E-18,-0.0114098545452796));
#2653=CARTESIAN_POINT('',(-0.0180176744169238,-0.000499999999999837,-0.0114098545453546));
#2654=CARTESIAN_POINT('',(-0.017216523594816,0.,-0.0124295016030216));
#2655=CARTESIAN_POINT('',(-0.0176825878204266,5.45944457508382E-18,-0.0126261970875475));
#2656=CARTESIAN_POINT('',(-0.0176825878195135,-0.000500000000000035,-0.0126261970874202));
#2657=CARTESIAN_POINT('',(-0.0166595057964614,0.,-0.0133816613118393));
#2658=CARTESIAN_POINT('',(-0.0170393006238852,-2.94810007054524E-17,-0.0137242420088585));
#2659=CARTESIAN_POINT('',(-0.0170393006244488,-0.000499999999999953,-0.0137242420095471));
#2660=CARTESIAN_POINT('',(-0.015792744923256,0.,-0.0140885573872552));
#2661=CARTESIAN_POINT('',(-0.016047121505283,1.84529226637831E-16,-0.0145339152725116));
#2662=CARTESIAN_POINT('',(-0.0160471215049902,-0.000500000000000191,-0.0145339152682002));
#2663=CARTESIAN_POINT('',(-0.0147397173501536,0.,-0.0144206784727282));
#2664=CARTESIAN_POINT('',(-0.0148308833592811,-3.20434806216028E-16,-0.0149163529506508));
#2665=CARTESIAN_POINT('',(-0.0148308833596525,-0.000499999999999678,-0.0149163529580236));
#2666=CARTESIAN_POINT('',(-0.0141995371355184,0.,-0.0144720925414396));
#2667=CARTESIAN_POINT('',(-0.014240081222332,7.1012344482813E-16,-0.0149707026357693));
#2668=CARTESIAN_POINT('',(-0.0142400812215499,-0.00050000000000071,-0.0149707026194929));
#2669=CARTESIAN_POINT('',(-0.0139262953901824,0.,-0.0144855348804465));
#2670=CARTESIAN_POINT('',(-0.013950863589887,-1.73472347597682E-18,-0.0149849309192407));
#2671=CARTESIAN_POINT('',(-0.013950863589887,-0.000499999999999998,-0.0149849309192407));
#2672=CARTESIAN_POINT('',(-0.0175,0.,-0.01));
#2673=CARTESIAN_POINT('',(-0.0177617993877992,-4.22948580548688E-19,-0.01));
#2674=CARTESIAN_POINT('',(-0.018,-0.000238200612200851,-0.01));
#2675=CARTESIAN_POINT('',(-0.018,-0.0005,-0.01));
#2676=CARTESIAN_POINT('',(0.0125087773760073,-0.0005,-0.0158216890266749));
#2677=CARTESIAN_POINT('',(0.0125087773760073,-0.0005,-0.0158216890266749));
#2678=CARTESIAN_POINT('',(-0.0175,-0.0005,0.003));
#2679=CARTESIAN_POINT('',(-0.018,-0.0005,0.016));
#2680=CARTESIAN_POINT('',(-0.018,-0.000238200612200851,0.016));
#2681=CARTESIAN_POINT('',(-0.0177617993877992,-4.22948580548688E-19,0.016));
#2682=CARTESIAN_POINT('',(-0.0175,0.,0.016));
#2683=CARTESIAN_POINT('',(0.014,-0.0005,-0.0159837232381621));
#2684=CARTESIAN_POINT('',(0.0139262953891894,-5.83300768797201E-17,-0.0144855348804954));
#2685=CARTESIAN_POINT('',(0.0139391592723998,1.26484457055276E-10,-0.0147470181153734));
#2686=CARTESIAN_POINT('',(0.0139508636007061,-0.000238200531678333,-0.0149849311605682));
#2687=CARTESIAN_POINT('',(0.0139508636007061,-0.000500000000000001,-0.0149849311605682));
#2688=CARTESIAN_POINT('',(-0.013,0.,0.0205));
#2689=CARTESIAN_POINT('',(-0.013,-1.54074395550979E-33,0.021));
#2690=CARTESIAN_POINT('',(-0.013,-0.000499999999999999,0.021));
#2691=CARTESIAN_POINT('',(-0.0133116281743743,0.,0.0205000000125054));
#2692=CARTESIAN_POINT('',(-0.0133107491636187,7.18668093899989E-31,0.0210000000123927));
#2693=CARTESIAN_POINT('',(-0.0133107491636237,-0.000500000000000405,0.021));
#2694=CARTESIAN_POINT('',(-0.0139331677171861,0.,0.0205023446027855));
#2695=CARTESIAN_POINT('',(-0.0139465153805283,1.44492452829088E-20,0.0210028963921561));
#2696=CARTESIAN_POINT('',(-0.01394651538052,-0.000499999999999812,0.0210028963979075));
#2697=CARTESIAN_POINT('',(-0.0148704832066111,0.,0.0204038056208761));
#2698=CARTESIAN_POINT('',(-0.0149772230769323,-7.0109366198256E-19,0.0208980142040229));
#2699=CARTESIAN_POINT('',(-0.0149772230769538,-0.00050000000000005,0.0208980142024818));
#2700=CARTESIAN_POINT('',(-0.0157494022346309,0.,0.020071082028682));
#2701=CARTESIAN_POINT('',(-0.0159979995130294,1.87840188682124E-19,0.0205135265004295));
#2702=CARTESIAN_POINT('',(-0.0159979995129518,-0.000499999999999989,0.0205135265008424));
#2703=CARTESIAN_POINT('',(-0.0164996313779474,0.,0.0195000751848176));
#2704=CARTESIAN_POINT('',(-0.0168570827347007,-5.02670927459358E-20,0.0198576423360696));
#2705=CARTESIAN_POINT('',(-0.0168570827349894,-0.000499999999999994,0.0198576423359589));
#2706=CARTESIAN_POINT('',(-0.0170715355583077,0.,0.0187500819301874));
#2707=CARTESIAN_POINT('',(-0.017514281286778,1.32281823016189E-20,0.0189988610927394));
#2708=CARTESIAN_POINT('',(-0.0175142812857005,-0.000500000000000034,0.0189988610927689));
#2709=CARTESIAN_POINT('',(-0.0175149837585372,0.,0.017569000319731));
#2710=CARTESIAN_POINT('',(-0.0180254092319681,-7.93690938125949E-21,0.0176263435554844));
#2711=CARTESIAN_POINT('',(-0.0180254092376889,-0.000499999999999818,0.0176263435554644));
#2712=CARTESIAN_POINT('',(-0.0175000000256681,0.,0.0166240417875609));
#2713=CARTESIAN_POINT('',(-0.0180000000253716,1.44069217361749E-30,0.0166217191186491));
#2714=CARTESIAN_POINT('',(-0.018,-0.000500000000000811,0.0166217191186604));
#2715=CARTESIAN_POINT('',(-0.0175,0.,0.016));
#2716=CARTESIAN_POINT('',(-0.018,-1.54074395550979E-33,0.016));
#2717=CARTESIAN_POINT('',(-0.018,-0.000499999999999999,0.016));
#2718=CARTESIAN_POINT('',(-0.013,0.,0.0205));
#2719=CARTESIAN_POINT('',(-0.013,-4.22948580548688E-19,0.0207617993877991));
#2720=CARTESIAN_POINT('',(-0.013,-0.000238200612200851,0.021));
#2721=CARTESIAN_POINT('',(-0.013,-0.0005,0.021));
#2722=CARTESIAN_POINT('',(0.0139262953891894,0.,-0.0144855348804954));
#2723=CARTESIAN_POINT('',(0.0139508635888364,1.08420217248527E-19,-0.0149849309192924));
#2724=CARTESIAN_POINT('',(0.0139508635888364,-0.000499999999999997,-0.0149849309192924));
#2725=CARTESIAN_POINT('',(0.0144710261992915,0.,-0.0144587364258967));
#2726=CARTESIAN_POINT('',(0.0145276373955633,1.71491490546452E-15,-0.0149565560878359));
#2727=CARTESIAN_POINT('',(0.0145276373940876,-0.000500000000002835,-0.014956556056663));
#2728=CARTESIAN_POINT('',(0.0155499731286776,0.,-0.0142788888823986));
#2729=CARTESIAN_POINT('',(0.0157648566448213,-7.9675259290906E-16,-0.0147525217463884));
#2730=CARTESIAN_POINT('',(0.0157648566463019,-0.000499999999998658,-0.0147525217608613));
#2731=CARTESIAN_POINT('',(0.0168847182047499,0.,-0.0132091370219263));
#2732=CARTESIAN_POINT('',(0.0172994253894169,2.16261716984916E-16,-0.0135310832218103));
#2733=CARTESIAN_POINT('',(0.0172994253864485,-0.000500000000000443,-0.0135310832179145));
#2734=CARTESIAN_POINT('',(0.0175221335719994,0.,-0.0116586964412759));
#2735=CARTESIAN_POINT('',(0.0180333416876546,-6.17890619956908E-17,-0.0117172114211552));
#2736=CARTESIAN_POINT('',(0.0180333416980479,-0.000499999999999568,-0.0117172114222656));
#2737=CARTESIAN_POINT('',(0.01750000002253,0.,-0.0105480031319728));
#2738=CARTESIAN_POINT('',(0.018000000022272,1.26495802368015E-30,-0.0105459725235468));
#2739=CARTESIAN_POINT('',(0.018,-0.000500000000000712,-0.0105459725235531));
#2740=CARTESIAN_POINT('',(0.0175,0.,-0.01));
#2741=CARTESIAN_POINT('',(0.018,-1.54074395550979E-33,-0.01));
#2742=CARTESIAN_POINT('',(0.018,-0.000499999999999999,-0.01));
#2743=CARTESIAN_POINT('',(0.018,-0.0005,-0.01));
#2744=CARTESIAN_POINT('',(0.018,-0.000238200612200851,-0.01));
#2745=CARTESIAN_POINT('',(0.0177617993877992,-4.22948580548688E-19,-0.01));
#2746=CARTESIAN_POINT('',(0.0175,0.,-0.01));
#2747=CARTESIAN_POINT('',(0.,-0.0005,0.0205));
#2748=CARTESIAN_POINT('',(0.013,-0.0005,0.021));
#2749=CARTESIAN_POINT('',(0.013,-0.000238200612200851,0.021));
#2750=CARTESIAN_POINT('',(0.013,-4.22948580548688E-19,0.0207617993877991));
#2751=CARTESIAN_POINT('',(0.013,0.,0.0205));
#2752=CARTESIAN_POINT('',(0.0175,-0.0005,0.003));
#2753=CARTESIAN_POINT('',(0.0175,0.,0.016));
#2754=CARTESIAN_POINT('',(0.0177617993877992,-4.22948580548688E-19,0.016));
#2755=CARTESIAN_POINT('',(0.018,-0.000238200612200851,0.016));
#2756=CARTESIAN_POINT('',(0.018,-0.0005,0.016));
#2757=CARTESIAN_POINT('',(0.0175,0.,0.016));
#2758=CARTESIAN_POINT('',(0.018,-1.54074395550979E-33,0.016));
#2759=CARTESIAN_POINT('',(0.018,-0.000499999999999999,0.016));
#2760=CARTESIAN_POINT('',(0.0175000000125065,0.,0.016311628174371));
#2761=CARTESIAN_POINT('',(0.018000000012395,7.18668093899982E-31,0.016310749163621));
#2762=CARTESIAN_POINT('',(0.018,-0.000500000000000405,0.0163107491636269));
#2763=CARTESIAN_POINT('',(0.017502344602785,0.,0.0169331677171876));
#2764=CARTESIAN_POINT('',(0.018002896392155,-3.33196808437482E-31,0.0169465153805272));
#2765=CARTESIAN_POINT('',(0.0180028963979076,-0.000499999999999812,0.0169465153805185));
#2766=CARTESIAN_POINT('',(0.0174038056208762,0.,0.0178704832066107));
#2767=CARTESIAN_POINT('',(0.0178980142040231,8.8186688681213E-32,0.0179772230769326));
#2768=CARTESIAN_POINT('',(0.0178980142024817,-0.00050000000000005,0.0179772230769542));
#2769=CARTESIAN_POINT('',(0.0170710820286823,0.,0.018749402234631));
#2770=CARTESIAN_POINT('',(0.0175135265004297,-1.95499462873699E-32,0.0189979995130293));
#2771=CARTESIAN_POINT('',(0.0175135265008427,-0.000499999999999989,0.0189979995129517));
#2772=CARTESIAN_POINT('',(0.0165000751848164,0.,0.0194996313779473));
#2773=CARTESIAN_POINT('',(0.0168576423360684,-9.98690353173354E-33,0.0198570827347007));
#2774=CARTESIAN_POINT('',(0.0168576423359578,-0.000499999999999994,0.0198570827349895));
#2775=CARTESIAN_POINT('',(0.0157500819301917,0.,0.0200715355583079));
#2776=CARTESIAN_POINT('',(0.0159988610927437,5.9497560414304E-32,0.020514281286778));
#2777=CARTESIAN_POINT('',(0.0159988610927731,-0.000500000000000034,0.0205142812857005));
#2778=CARTESIAN_POINT('',(0.0145690003197084,0.,0.0205149837585365));
#2779=CARTESIAN_POINT('',(0.0146263435554621,-3.23836970972078E-31,0.0210254092319681));
#2780=CARTESIAN_POINT('',(0.0146263435554428,-0.000499999999999818,0.0210254092376889));
#2781=CARTESIAN_POINT('',(0.0136240417876616,0.,0.0205000000256714));
#2782=CARTESIAN_POINT('',(0.0136217191187486,1.44069217361748E-30,0.0210000000253715));
#2783=CARTESIAN_POINT('',(0.0136217191187567,-0.000500000000000811,0.021));
#2784=CARTESIAN_POINT('',(0.013,0.,0.0205));
#2785=CARTESIAN_POINT('',(0.013,-1.54074395550979E-33,0.021));
#2786=CARTESIAN_POINT('',(0.013,-0.000499999999999999,0.021));
#2787=CARTESIAN_POINT('',(0.,-0.0035,-0.0158660254037844));
#2788=MECHANICAL_DESIGN_GEOMETRIC_PRESENTATION_REPRESENTATION('',(#1461),
#2789);
#2789=(
GEOMETRIC_REPRESENTATION_CONTEXT(3)
GLOBAL_UNCERTAINTY_ASSIGNED_CONTEXT((#2790))
GLOBAL_UNIT_ASSIGNED_CONTEXT((#2793,#2792,#2791))
REPRESENTATION_CONTEXT('OMX-AI_D405_Camera_Frame',
'TOP_LEVEL_ASSEMBLY_PART')
);
#2790=UNCERTAINTY_MEASURE_WITH_UNIT(LENGTH_MEASURE(2.E-5),#2793,
'DISTANCE_ACCURACY_VALUE','Maximum Tolerance applied to model');
#2791=(
NAMED_UNIT(*)
SI_UNIT($,.STERADIAN.)
SOLID_ANGLE_UNIT()
);
#2792=(
NAMED_UNIT(*)
PLANE_ANGLE_UNIT()
SI_UNIT($,.RADIAN.)
);
#2793=(
LENGTH_UNIT()
NAMED_UNIT(*)
SI_UNIT($,.METRE.)
);
#2794=PRODUCT_DEFINITION_SHAPE('','',#2795);
#2795=PRODUCT_DEFINITION('','',#2797,#2796);
#2796=PRODUCT_DEFINITION_CONTEXT('',#2803,'design');
#2797=PRODUCT_DEFINITION_FORMATION_WITH_SPECIFIED_SOURCE('','',#2799,
 .NOT_KNOWN.);
#2798=PRODUCT_RELATED_PRODUCT_CATEGORY('','',(#2799));
#2799=PRODUCT('OMX-AI_D405_Camera_Frame','OMX-AI_D405_Camera_Frame',
'OMX-AI_D405_Camera_Frame',(#2801));
#2800=PRODUCT_CATEGORY('','');
#2801=PRODUCT_CONTEXT('',#2803,'mechanical');
#2802=APPLICATION_PROTOCOL_DEFINITION('international standard',
'ap242_managed_model_based_3d_engineering',2020,#2803);
#2803=APPLICATION_CONTEXT('managed model based 3d engineering');
ENDSEC;
END-ISO-10303-21;
